player_name,position,college,draft_year,pick,round,slap_display_score,slap_model_score,dc_score,prospect_profile,dataset,enhanced_breakout,teammate_score,early_declare_score,breakout_age,peak_dominator,rush_yards,rec_yards,team_pass_att,nfl_hit24,nfl_hit12,nfl_first_3yr_ppg,nfl_career_ppg,nfl_best_ppr,nfl_best_ppg,nfl_seasons_10ppg_3yr
Amari Cooper,WR,Alabama,2015,4,1,97.8,92.69,98.6,83.3,backtest,99.9,0.0,100.0,19.0,47.2,23.0,,,1.0,1.0,14.51875,15.40625,253.6,,3.0
Kevin White,WR,West Virginia,2015,7,1,92.4,85.74,96.8,65.6,backtest,98.4,0.0,0.0,19.0,36.8,0.0,,,0.0,0.0,,,38.6,,
Nelson Agholor,WR,USC,2015,20,1,88.9,82.16,91.5,70.8,backtest,81.2,0.0,100.0,20.0,32.4,3.0,,,1.0,0.0,11.71875,11.71875,222.1,,1.0
DeVante Parker,WR,Louisville,2015,14,1,88.0,81.53,93.8,61.6,backtest,92.4,0.0,0.0,19.0,24.8,0.0,,,1.0,0.0,11.675,15.3875,246.2,,3.0
Breshad Perriman,WR,Central Florida,2015,26,1,86.6,80.68,87.0,72.2,backtest,83.3,0.0,100.0,20.0,36.6,0.0,,,0.0,0.0,6.74,9.864286,138.1,,0.0
Devin Smith,WR,Ohio St.,2015,37,2,85.4,79.6,82.2,78.9,backtest,93.4,100.0,0.0,19.0,26.8,3.0,,,0.0,0.0,,,26.5,,
Phillip Dorsett,WR,Miami (FL),2015,29,1,82.5,77.84,86.0,65.7,backtest,98.6,0.0,0.0,19.0,37.1,-6.0,,,0.0,0.0,6.586667,9.163636,105.9,,0.0
Devin Funchess,WR,Michigan,2015,41,2,81.1,76.68,79.9,72.6,backtest,84.0,0.0,100.0,20.0,37.9,-11.0,,,0.0,0.0,12.1875,12.1875,0.0,,1.0
Dorial Green-Beckham,WR,Oklahoma,2015,40,2,80.5,76.32,80.6,70.6,backtest,80.9,100.0,0.0,20.0,31.8,0.0,,,0.0,0.0,8.064286,8.064286,112.9,,0.0
Jaelen Strong,WR,Arizona St.,2015,70,3,73.0,69.39,67.6,70.4,backtest,80.5,0.0,100.0,20.0,31.1,0.0,,,0.0,0.0,4.81,4.81,50.8,,0.0
Tyler Lockett,WR,Kansas St.,2015,69,3,71.1,68.46,68.5,66.6,backtest,99.9,0.0,0.0,19.0,44.2,17.0,,,1.0,1.0,10.4625,16.5875,274.0,,1.0
Chris Conley,WR,Georgia,2015,76,3,68.4,66.01,65.6,63.2,backtest,94.8,0.0,0.0,19.0,29.6,0.0,,,0.0,0.0,6.0625,9.78125,156.5,,0.0
Ty Montgomery,WR,Stanford,2015,94,3,62.9,62.58,58.7,63.3,backtest,95.0,0.0,0.0,19.0,17.6,144.0,,,0.0,0.0,11.45,11.45,179.3,,2.0
Jamison Crowder,WR,Duke,2015,105,4,59.7,60.75,55.3,63.9,backtest,95.8,0.0,0.0,19.0,31.6,9.0,,,0.0,0.0,12.34375,14.335,197.7,,2.0
Sammie Coates,WR,Auburn,2015,87,3,59.1,60.65,61.1,52.5,backtest,78.8,0.0,0.0,20.0,27.5,0.0,,,0.0,0.0,7.081818,7.081818,83.3,,0.0
Justin Hardy,WR,East Carolina,2015,107,4,58.5,60.39,54.3,63.9,backtest,95.8,0.0,0.0,19.0,31.6,7.0,,,0.0,0.0,6.01,6.01,69.1,,0.0
Stefon Diggs,WR,Maryland,2015,146,5,51.9,56.46,42.6,72.3,backtest,83.5,0.0,100.0,20.0,27.0,28.0,,,1.0,1.0,14.869231,20.5375,391.7000000000001,,3.0
Rashad Greene,WR,Florida St.,2015,139,5,48.4,53.87,44.8,60.0,backtest,90.0,0.0,0.0,19.0,17.6,0.0,,,0.0,0.0,5.144444,5.144444,40.3,,0.0
JJ Nelson,WR,Ala-Birmingham,2015,159,5,45.5,52.18,39.4,64.7,backtest,97.1,0.0,0.0,19.0,24.2,45.0,,,0.0,0.0,9.935714,9.935714,0.0,,0.0
DeAndre Smelter,WR,Georgia Tech,2015,132,4,44.7,51.79,47.3,49.3,backtest,73.9,0.0,0.0,21.0,37.9,103.0,,,0.0,0.0,,,3.3000000000000003,,
Evan Spencer,WR,Ohio St.,2015,187,6,43.9,51.64,27.0,76.7,backtest,90.0,100.0,0.0,19.0,5.6,9.0,,,0.0,0.0,,,0.0,,
Tony Lippett,WR,Michigan St.,2015,156,5,42.9,51.08,40.5,59.5,backtest,89.3,0.0,0.0,20.0,38.6,51.0,,,0.0,0.0,,,0.0,,
Kenny Bell,WR,Nebraska,2015,162,5,42.6,50.99,38.3,62.3,backtest,93.4,0.0,0.0,19.0,26.8,0.0,,,0.0,0.0,,,0.0,,
Vince Mayle,WR,Washington St.,2015,123,4,42.1,50.78,50.4,41.0,backtest,61.5,0.0,0.0,21.0,22.9,0.0,,,0.0,0.0,,,6.2,,
Geremy Davis,WR,Connecticut,2015,186,6,38.6,48.76,28.3,66.6,backtest,99.9,0.0,0.0,19.0,32.1,203.0,,,0.0,0.0,,,6.8,,
Kaelin Clay,WR,Utah,2015,184,6,36.3,47.09,29.9,60.1,backtest,90.1,0.0,0.0,19.0,20.2,4.0,,,0.0,0.0,2.109091,2.109091,23.4,,0.0
Keith Mumphery,WR,Michigan St.,2015,175,5,35.1,46.38,32.8,53.3,backtest,80.0,0.0,0.0,20.0,13.0,85.0,,,0.0,0.0,3.3625,3.3625,26.9,,0.0
Bud Sasser,WR,Missouri,2015,201,6,27.9,43.65,22.5,56.6,backtest,84.9,0.0,0.0,20.0,42.9,0.0,,,0.0,0.0,,,0.0,,
Da'Ron Brown,WR,Northern Illinois,2015,233,7,25.0,42.33,10.1,66.6,backtest,99.9,0.0,0.0,19.0,35.6,108.0,,,0.0,0.0,,,0.0,,
Neal Sterling,WR,Monmouth,2015,220,7,24.7,42.08,14.2,60.0,backtest,90.0,0.0,0.0,19.0,14.1,0.0,,,0.0,0.0,,,0.0,,
Darren Waller,WR,Georgia Tech,2015,204,6,24.1,42.04,21.1,52.6,backtest,78.9,0.0,0.0,20.0,27.8,0.0,,,0.0,0.0,3.8125,17.4125,0.0,,0.0
Mario Alford,WR,West Virginia,2015,238,7,20.7,40.96,7.8,64.2,backtest,96.3,0.0,0.0,19.0,32.6,14.0,,,0.0,0.0,,,2.5,,
Dezmin Lewis,WR,Central Arkansas,2015,234,7,16.0,40.22,9.7,60.0,backtest,90.0,0.0,0.0,19.0,16.4,0.0,,,0.0,0.0,,,0.0,,
Andre Debose,WR,Florida,2015,221,7,3.9,31.29,13.6,24.5,backtest,36.7,0.0,0.0,,16.7,30.0,,,0.0,0.0,,,0.0,,
Tre McBride,WR,William & Mary,2015,245,7,1.6,26.63,5.0,19.5,backtest,29.2,0.0,0.0,,14.2,6.0,,,0.0,0.0,,,22.4,,
Corey Coleman,WR,Baylor,2016,15,1,89.7,82.65,93.4,66.6,backtest,74.9,0.0,100.0,21.0,40.8,113.0,,,0.0,0.0,9.33,9.33,93.3,,0.0
Laquon Treadwell,WR,Mississippi,2016,23,1,86.9,80.84,88.7,69.7,backtest,79.5,0.0,100.0,20.0,29.0,0.0,,,0.0,0.0,4.746667,6.866667,82.4,,0.0
Tyler Boyd,WR,Pittsburgh,2016,55,2,78.5,73.82,74.4,74.3,backtest,86.5,0.0,100.0,20.0,33.0,325.0,,,1.0,0.0,15.792857,15.792857,222.9,,1.0
Will Fuller,WR,Notre Dame,2016,21,1,76.2,72.59,90.6,40.0,backtest,60.0,0.0,0.0,21.0,17.6,0.0,,,0.0,0.0,11.32,17.172727,188.9,,1.0
Josh Doctson,WR,TCU,2016,22,1,74.4,70.53,89.7,34.2,backtest,51.3,0.0,0.0,22.0,32.6,7.0,,,0.0,0.0,7.986667,7.986667,119.8,,0.0
Sterling Shepard,WR,Oklahoma,2016,40,2,73.8,70.19,80.6,50.2,backtest,50.3,100.0,0.0,22.0,30.5,5.0,,,0.0,0.0,13.136364,14.18,194.7,,3.0
Michael Thomas,WR,Ohio St.,2016,47,2,72.7,69.36,78.0,53.2,backtest,54.8,100.0,0.0,22.0,39.6,0.0,,,1.0,1.0,19.71875,23.4125,388.6,,3.0
Pharoh Cooper,WR,South Carolina,2016,117,4,62.6,62.48,51.4,76.6,backtest,89.9,0.0,100.0,20.0,43.1,116.0,,,0.0,0.0,2.825,5.045455,55.5,,0.0
Braxton Miller,WR,Ohio St.,2016,85,3,58.2,60.28,61.9,50.0,backtest,50.0,100.0,0.0,22.0,14.8,260.0,,,0.0,0.0,4.13,4.13,41.3,,0.0
Leonte Carroo,WR,Rutgers,2016,86,3,56.2,59.07,61.4,46.6,backtest,69.9,0.0,0.0,21.0,42.6,0.0,,,0.0,0.0,,,18.8,,
Demarcus Robinson,WR,Florida,2016,126,4,50.4,54.99,49.4,56.7,backtest,60.0,0.0,100.0,21.0,14.0,1.0,,,0.0,0.0,5.342857,10.925,137.2,,0.0
Ricardo Louis,WR,Auburn,2016,114,4,48.7,54.21,51.9,47.3,backtest,71.0,0.0,0.0,21.0,31.9,158.0,,,0.0,0.0,4.478571,4.478571,62.7,,0.0
Tajae Sharpe,WR,Massachusetts,2016,140,5,45.8,52.24,44.4,55.1,backtest,82.6,0.0,0.0,20.0,35.2,-3.0,,,0.0,0.0,6.58125,6.58125,105.3,,0.0
Chris Moore,WR,Cincinnati,2016,107,4,41.2,50.37,54.3,30.5,backtest,45.7,0.0,0.0,22.0,21.4,10.0,,,0.0,0.0,5.99,7.673333,115.1,,0.0
Rashard Higgins,WR,Colorado St.,2016,172,5,40.6,50.27,34.4,64.9,backtest,72.3,0.0,100.0,21.0,34.6,20.0,,,0.0,0.0,9.092308,10.075,139.5,,0.0
Malcolm Mitchell,WR,Georgia,2016,112,4,36.6,47.94,52.9,25.3,backtest,37.9,0.0,0.0,23.0,35.8,0.0,,,0.0,0.0,8.008333,8.008333,110.6,,0.0
Tyreek Hill,WR,West Alabama,2016,165,5,30.2,44.86,37.0,43.3,backtest,65.0,0.0,0.0,21.0,19.4,237.0,,,1.0,1.0,20.875,23.525,393.6,,3.0
Cody Core,WR,Mississippi,2016,199,6,28.8,43.95,23.3,56.7,backtest,60.0,100.0,0.0,21.0,13.1,0.0,,,0.0,0.0,3.7,3.7,37.0,,0.0
Jordan Payton,WR,UCLA,2016,154,5,27.0,43.36,40.9,32.8,backtest,49.2,0.0,0.0,22.0,28.4,0.0,,,0.0,0.0,,,1.3,,
Demarcus Ayers,WR,Houston,2016,229,7,23.5,42.0,11.1,63.7,backtest,70.6,0.0,100.0,21.0,31.2,150.0,,,0.0,0.0,,,0.0,,
Trevor Davis,WR,California,2016,163,5,21.2,41.16,37.6,30.0,backtest,45.0,0.0,0.0,22.0,10.6,4.0,,,0.0,0.0,,,30.4,,
Kolby Listenbee,WR,TCU,2016,192,6,14.9,39.93,24.7,40.0,backtest,60.0,0.0,0.0,21.0,13.0,11.0,,,0.0,0.0,,,0.0,,
Jakeem Grant,WR,Texas Tech,2016,186,6,14.0,39.32,28.3,35.1,backtest,52.7,0.0,0.0,22.0,25.4,69.0,,,0.0,0.0,7.23,7.23,81.3,,0.0
Aaron Burbridge,WR,Michigan St.,2016,213,6,13.7,39.29,16.5,47.5,backtest,71.3,0.0,0.0,21.0,32.6,44.0,,,0.0,0.0,1.975,1.975,15.8,,0.0
Mike Thomas,WR,Southern Miss,2016,206,6,13.4,39.24,19.8,44.2,backtest,66.3,0.0,0.0,21.0,32.6,0.0,,,0.0,0.0,,3.03,30.3,,
Kenny Lawler,WR,California,2016,243,7,11.4,38.59,5.6,58.4,backtest,62.7,0.0,100.0,21.0,25.3,5.0,,,0.0,0.0,,,0.0,,
Moritz Boehringer,WR,,2016,180,6,7.9,35.49,31.1,19.5,backtest,29.2,0.0,0.0,,14.2,0.0,,,0.0,0.0,,,0.0,,
Daniel Braverman,WR,Western Michigan,2016,230,7,6.2,33.73,10.5,36.6,backtest,54.9,0.0,0.0,22.0,39.9,13.0,,,0.0,0.0,,,0.0,,
Devin Fuller,WR,UCLA,2016,238,7,5.9,33.7,7.8,40.0,backtest,60.0,0.0,0.0,21.0,17.6,0.0,,,0.0,0.0,,,0.0,,
Devin Lucien,WR,Arizona St.,2016,225,7,5.3,33.13,12.7,32.4,backtest,48.6,0.0,0.0,22.0,27.1,0.0,,,0.0,0.0,,,0.0,,
Charone Peake,WR,Clemson,2016,241,7,3.3,30.31,6.3,30.0,backtest,45.0,0.0,0.0,22.0,15.3,0.0,,,0.0,0.0,3.418182,3.418182,37.6,,0.0
John Ross,WR,Washington,2017,9,1,93.8,87.52,95.7,74.7,backtest,87.0,0.0,100.0,20.0,34.0,102.0,,,0.0,0.0,11.875,11.875,95.0,,1.0
Curtis Samuel,WR,Ohio St.,2017,40,2,88.6,82.04,80.6,89.7,backtest,84.5,100.0,100.0,20.0,29.0,770.0,,,0.0,0.0,11.566667,14.14,212.1,,2.0
Corey Davis,WR,Western Michigan,2017,5,1,87.4,81.1,98.0,46.6,backtest,69.9,0.0,0.0,21.0,50.0,0.0,,,0.0,0.0,11.475,13.671429,191.4,,1.0
Mike Williams,WR,Clemson,2017,7,1,86.3,80.65,96.8,48.6,backtest,47.9,100.0,0.0,22.0,25.8,0.0,,,1.0,0.0,11.2625,15.4125,246.6,,2.0
JuJu Smith-Schuster,WR,USC,2017,62,2,79.3,74.76,70.8,82.6,backtest,98.9,0.0,100.0,19.0,27.9,27.0,,,1.0,1.0,18.55625,18.55625,296.90000000000003,,2.0
Zay Jones,WR,East Carolina,2017,37,2,75.0,70.62,82.2,49.0,backtest,73.5,0.0,0.0,21.0,37.0,24.0,,,1.0,0.0,10.325,12.38125,232.8,,1.0
Carlos Henderson,WR,Louisiana Tech,2017,82,3,71.5,68.58,63.0,75.7,backtest,88.6,0.0,100.0,20.0,37.2,133.0,,,0.0,0.0,,,0.0,,
Chris Godwin,WR,Penn St.,2017,84,3,68.6,66.72,62.4,70.8,backtest,81.2,0.0,100.0,20.0,32.4,13.0,,,1.0,1.0,19.721429,19.721429,276.1,,2.0
Taywan Taylor,WR,Western Kentucky,2017,72,3,64.0,62.72,66.9,49.5,backtest,74.3,0.0,0.0,21.0,38.6,36.0,,,0.0,0.0,6.738462,6.738462,87.6,,0.0
ArDarius Stewart,WR,Alabama,2017,79,3,61.7,62.36,64.7,53.0,backtest,54.5,100.0,0.0,22.0,29.1,68.0,,,0.0,0.0,1.877778,1.877778,16.900000000000002,,0.0
Josh Malone,WR,Tennessee,2017,128,4,57.1,59.19,48.8,71.8,backtest,82.7,0.0,100.0,20.0,35.3,0.0,,,0.0,0.0,2.055556,2.055556,18.5,,0.0
Cooper Kupp,WR,Eastern Washington,2017,69,3,53.6,57.46,68.5,29.9,backtest,44.9,0.0,0.0,23.0,40.4,29.0,,,1.0,1.0,16.90625,25.852941,554.8,,3.0
Chad Williams,WR,Grambling St.,2017,98,3,52.2,56.56,57.9,45.7,backtest,68.6,0.0,0.0,21.0,37.1,0.0,,,0.0,0.0,4.1,4.1,41.0,,0.0
Kenny Golladay,WR,Northern Illinois,2017,96,3,50.7,55.19,58.2,39.9,backtest,59.9,0.0,0.0,22.0,41.6,195.0,,,1.0,1.0,15.5,15.5,248.0,,2.0
Josh Reynolds,WR,Texas A&M,2017,117,4,47.8,53.47,51.4,46.6,backtest,69.8,0.0,0.0,21.0,39.7,0.0,,,0.0,0.0,9.090909,9.090909,156.0,,0.0
Dede Westbrook,WR,Oklahoma,2017,110,4,46.1,52.52,53.5,39.4,backtest,59.1,0.0,0.0,22.0,38.2,101.0,,,0.0,0.0,11.34375,11.34375,175.5,,2.0
Amara Darboh,WR,Michigan,2017,106,3,44.4,51.72,54.8,34.4,backtest,51.6,0.0,0.0,22.0,33.1,0.0,,,0.0,0.0,1.8875,1.8875,15.1,,0.0
Ryan Switzer,WR,North Carolina,2017,133,4,39.2,49.3,46.4,41.5,backtest,62.3,0.0,0.0,21.0,24.6,11.0,,,0.0,0.0,4.3375,4.3375,69.4,,0.0
Chad Hansen,WR,California,2017,141,4,38.3,48.76,43.9,44.0,backtest,66.1,0.0,0.0,21.0,32.1,0.0,,,0.0,0.0,,,46.6,,
Noah Brown,WR,Ohio St.,2017,239,7,35.4,46.64,7.2,83.6,backtest,75.3,100.0,100.0,20.0,20.7,0.0,,,0.0,0.0,,10.16,122.4,,
Jehu Chesson,WR,Michigan,2017,139,4,33.4,45.87,44.8,33.3,backtest,50.0,0.0,0.0,22.0,14.1,63.0,,,0.0,0.0,,,3.8,,
Shelton Gibson,WR,West Virginia,2017,166,5,32.8,45.67,36.4,46.5,backtest,69.8,0.0,0.0,21.0,29.6,29.0,,,0.0,0.0,,,5.800000000000001,,
Mack Hollins,WR,North Carolina,2017,118,4,31.6,45.33,51.0,20.0,backtest,30.0,0.0,0.0,23.0,10.7,0.0,,,0.0,0.0,4.054545,9.068235,154.0,,0.0
Isaiah McKenzie,WR,Georgia,2017,172,5,31.4,45.26,34.4,48.2,backtest,72.2,0.0,0.0,21.0,34.5,134.0,,,0.0,0.0,5.275,7.986667,122.8,,0.0
DeAngelo Yancey,WR,Purdue,2017,175,5,28.2,43.72,32.8,44.5,backtest,66.7,0.0,0.0,21.0,33.4,0.0,,,0.0,0.0,,,0.0,,
Isaiah Ford,WR,Virginia Tech,2017,237,7,27.3,43.45,8.4,72.1,backtest,83.1,0.0,100.0,20.0,26.2,33.0,,,0.0,0.0,6.0625,6.177778,55.6,,0.0
Rodney Adams,WR,South Florida,2017,170,5,22.1,41.4,35.5,34.3,backtest,51.4,0.0,0.0,22.0,22.9,216.0,,,0.0,0.0,,,0.0,,
Trent Taylor,WR,Louisiana Tech,2017,177,5,17.5,40.25,31.8,33.9,backtest,50.8,0.0,0.0,22.0,31.7,0.0,,,0.0,0.0,6.533333,6.533333,98.0,,0.0
Stacy Coley,WR,Miami (FL),2017,219,7,12.6,38.94,14.9,49.1,backtest,48.6,100.0,0.0,22.0,27.2,0.0,,,0.0,0.0,,,0.0,,
Robert Davis,WR,Georgia St.,2017,209,6,11.7,38.68,17.9,43.7,backtest,65.5,0.0,0.0,21.0,31.1,0.0,,,0.0,0.0,,,3.7,,
Malachi Dupre,WR,LSU,2017,247,7,10.3,38.09,4.6,58.5,backtest,62.7,0.0,100.0,21.0,25.5,0.0,,,0.0,0.0,,,0.0,,
David Moore,WR,East Central (OK),2017,226,7,9.4,36.85,12.3,45.2,backtest,67.9,0.0,0.0,21.0,25.7,74.0,,,0.0,0.0,7.214286,7.425,120.3,,0.0
D.J. Moore,WR,Maryland,2018,24,1,89.5,82.61,88.0,76.6,backtest,89.9,0.0,100.0,20.0,53.3,61.0,,,1.0,0.0,15.366667,16.852941,238.1,,2.0
Christian Kirk,WR,Texas A&M,2018,47,2,87.1,81.08,78.0,92.3,backtest,88.4,100.0,100.0,20.0,36.8,31.0,,,1.0,1.0,12.853846,14.347059,285.7,,3.0
Calvin Ridley,WR,Alabama,2018,26,1,78.2,73.69,87.0,48.9,backtest,48.4,100.0,0.0,22.0,26.8,17.0,,,1.0,1.0,18.766667,18.766667,281.5,,3.0
Dante Pettis,WR,Washington,2018,44,2,77.9,73.29,78.9,63.9,backtest,70.8,100.0,0.0,21.0,31.6,37.0,,,0.0,0.0,11.5,11.5,103.5,,1.0
Courtland Sutton,WR,SMU,2018,40,2,67.5,65.27,80.6,33.8,backtest,50.7,0.0,0.0,22.0,31.3,2.0,,,1.0,0.0,13.90125,15.01875,247.6,,1.0
DJ Chark,WR,LSU,2018,61,2,65.8,63.73,71.2,45.1,backtest,67.7,0.0,0.0,21.0,25.3,63.0,,,0.0,0.0,15.053333,15.053333,115.5,,2.0
James Washington,WR,Oklahoma St.,2018,60,2,65.5,63.7,71.5,44.3,backtest,66.4,0.0,0.0,21.0,32.9,12.0,,,0.0,0.0,8.9,8.9,133.5,,0.0
Keke Coutee,WR,Texas Tech,2018,103,4,64.3,63.02,56.2,70.3,backtest,80.4,0.0,100.0,20.0,30.8,15.0,,,0.0,0.0,11.125,11.125,90.7,,1.0
Antonio Callaway,WR,Florida,2018,105,4,63.7,62.71,55.3,70.4,backtest,80.6,0.0,100.0,20.0,21.2,31.0,,,0.0,0.0,8.26875,8.26875,132.3,,0.0
Anthony Miller,WR,Memphis,2018,51,2,60.8,61.43,76.3,29.9,backtest,44.9,0.0,0.0,23.0,39.9,27.0,,,0.0,0.0,8.587143,8.587143,127.5,,0.0
Michael Gallup,WR,Colorado St.,2018,81,3,56.5,59.13,63.6,43.6,backtest,65.3,0.0,0.0,21.0,30.7,0.0,,,0.0,0.0,15.192857,15.192857,212.7,,2.0
Tre'Quan Smith,WR,Central Florida,2018,91,3,55.1,58.21,60.1,46.9,backtest,70.3,0.0,0.0,21.0,30.7,23.0,,,0.0,0.0,7.930769,8.77,126.6,,0.0
Ray-Ray McCloud,WR,Clemson,2018,187,6,50.1,54.64,27.0,86.7,backtest,80.0,100.0,100.0,20.0,10.6,28.0,,,0.0,0.0,3.109091,8.382353,142.5,,0.0
Jordan Lasley,WR,UCLA,2018,162,5,47.5,53.18,38.3,69.6,backtest,79.4,0.0,100.0,20.0,28.8,-6.0,,,0.0,0.0,,,0.0,,
Deon Cain,WR,Clemson,2018,185,6,44.9,51.81,29.0,76.3,backtest,64.4,100.0,100.0,21.0,28.8,0.0,,,0.0,0.0,1.945455,1.945455,21.4,,0.0
DaeSean Hamilton,WR,Penn St.,2018,113,4,39.7,49.73,52.3,31.8,backtest,47.7,0.0,0.0,22.0,25.4,2.0,,,0.0,0.0,8.2875,8.2875,66.3,,0.0
Justin Watson,WR,Pennsylvania,2018,144,5,37.1,48.08,42.9,43.3,backtest,65.0,0.0,0.0,21.0,11.7,52.0,,,0.0,0.0,,5.933333,104.0,,
Jaleel Scott,WR,New Mexico St.,2018,132,4,35.7,46.76,47.3,32.5,backtest,48.8,0.0,0.0,22.0,27.6,0.0,,,0.0,0.0,,,2.6,,
Tremon Smith,WR,Central Arkansas,2018,196,6,34.8,46.37,23.8,63.3,backtest,95.0,0.0,0.0,19.0,30.0,0.0,,,0.0,0.0,,,0.0,,
J'Mon Moore,WR,Missouri,2018,133,4,34.5,46.32,46.4,31.6,backtest,47.4,0.0,0.0,22.0,24.8,0.0,,,0.0,0.0,,,3.5,,
Russell Gage,WR,LSU,2018,194,6,32.5,45.65,24.4,60.0,backtest,65.0,100.0,0.0,21.0,14.2,232.0,,,0.0,0.0,11.31625,12.538462,175.5,,1.0
Damion Ratley,WR,Texas A&M,2018,175,6,29.6,44.8,32.8,48.1,backtest,47.1,100.0,0.0,22.0,24.3,0.0,,,0.0,0.0,4.222222,4.222222,38.0,,0.0
Daurice Fountain,WR,Northern Iowa,2018,159,5,29.3,44.76,39.4,40.0,backtest,60.0,0.0,0.0,21.0,20.0,0.0,,,0.0,0.0,,,4.300000000000001,,
Equanimeous St. Brown,WR,Notre Dame,2018,207,6,26.4,42.95,19.1,57.0,backtest,60.5,0.0,100.0,21.0,21.1,0.0,,,0.0,0.0,4.936364,4.936364,62.7,,0.0
Auden Tate,WR,Florida St.,2018,253,7,21.5,41.23,3.3,71.5,backtest,82.3,0.0,100.0,20.0,34.6,0.0,,,0.0,0.0,8.458333,8.458333,101.5,,0.0
Braxton Berrios,WR,Miami (FL),2018,210,6,16.3,40.23,17.3,49.3,backtest,49.0,100.0,0.0,22.0,28.0,0.0,,,0.0,0.0,7.484615,8.073333,115.1,,0.0
Cedrick Wilson Jr.,WR,Boise St.,2018,208,6,13.1,39.11,18.5,44.7,backtest,67.0,0.0,0.0,21.0,34.0,13.0,,,0.0,0.0,5.162,10.558571,76.3,,0.0
Marquez Valdes-Scantling,WR,South Florida,2018,174,5,10.5,38.19,33.5,25.6,backtest,38.4,0.0,0.0,23.0,26.7,108.0,,,0.0,0.0,9.807143,9.807143,166.1,,0.0
Javon Wims,WR,Georgia,2018,224,7,7.6,35.37,13.1,39.4,backtest,34.1,100.0,0.0,23.0,28.2,0.0,,,0.0,0.0,3.872727,3.872727,42.6,,0.0
Dylan Cantrell,WR,Texas Tech,2018,191,6,6.5,34.07,25.4,20.0,backtest,30.0,0.0,0.0,23.0,19.4,3.0,,,0.0,0.0,,,0.0,,
Trey Quinn,WR,SMU,2018,256,7,5.0,32.86,2.0,44.9,backtest,67.4,0.0,0.0,21.0,34.7,0.0,,,0.0,0.0,4.316667,4.316667,51.8,,0.0
Richie James,WR,Middle Tenn. St.,2018,240,7,4.2,31.44,6.8,33.3,backtest,50.0,0.0,0.0,22.0,11.0,57.0,,,0.0,0.0,,9.892857,157.70000000000002,,
Marcell Ateman,WR,Oklahoma St.,2018,228,7,3.0,29.24,11.8,20.7,backtest,31.1,0.0,0.0,23.0,22.2,0.0,,,0.0,0.0,,,36.4,,
Austin Proehl,WR,North Carolina,2018,255,7,2.4,28.52,2.6,30.0,backtest,45.0,0.0,0.0,22.0,8.7,0.0,,,0.0,0.0,,,0.0,,
Marquise Brown,WR,Oklahoma,2019,25,1,94.4,87.94,87.6,95.4,backtest,93.1,100.0,100.0,19.0,26.2,0.0,,,1.0,0.0,14.14375,14.14375,226.3,,3.0
Deebo Samuel,WR,South Carolina,2019,36,2,87.7,81.14,82.8,83.2,backtest,99.8,100.0,0.0,19.0,29.6,26.0,,,1.0,1.0,21.185,21.185,385.1,,2.0
A.J. Brown,WR,Mississippi,2019,51,2,80.8,76.43,76.3,79.9,backtest,94.9,0.0,100.0,19.0,29.8,0.0,,,1.0,1.0,17.678571,17.678571,333.2,,3.0
N'Keal Harry,WR,Arizona St.,2019,32,1,79.9,76.26,85.3,63.3,backtest,69.9,0.0,100.0,21.0,40.5,10.0,,,0.0,0.0,5.838462,5.838462,30.4,,0.0
Mecole Hardman,WR,Georgia,2019,56,2,75.9,71.3,73.7,66.7,backtest,50.0,100.0,100.0,22.0,18.7,36.0,,,0.0,0.0,8.288235,11.725,178.5,,0.0
Parris Campbell,WR,Ohio St.,2019,59,2,71.8,68.71,72.1,60.3,backtest,90.4,0.0,0.0,19.0,20.8,16.0,,,0.0,0.0,,8.770588,149.1,,
Jalen Hurd,WR,Baylor,2019,67,3,70.7,68.06,69.2,63.9,backtest,95.8,0.0,0.0,19.0,21.6,209.0,,,0.0,0.0,,,0.0,,
Diontae Johnson,WR,Toledo,2019,66,3,69.2,67.64,69.5,61.8,backtest,92.6,0.0,0.0,19.0,25.3,17.0,,,1.0,1.0,17.15,17.15,288.8,,3.0
JJ Arcega-Whiteside,WR,Stanford,2019,57,2,66.3,64.95,73.0,46.3,backtest,69.4,0.0,0.0,21.0,38.8,0.0,,,0.0,0.0,4.1125,4.1125,0.0,,0.0
Andy Isabella,WR,Massachusetts,2019,62,2,66.0,64.95,70.8,49.9,backtest,74.9,0.0,0.0,21.0,47.8,84.0,,,0.0,0.0,4.981818,4.981818,54.8,,0.0
D.K. Metcalf,WR,Mississippi,2019,64,2,65.2,63.54,70.1,46.7,backtest,45.0,0.0,100.0,22.0,18.1,0.0,,,0.0,0.0,17.08125,17.08125,0.0,,3.0
Riley Ridley,WR,Georgia,2019,126,4,60.6,61.21,49.4,77.4,backtest,91.1,100.0,0.0,19.0,22.2,0.0,,,0.0,0.0,,,13.5,,
Miles Boykin,WR,Notre Dame,2019,93,3,55.6,58.81,59.1,50.2,backtest,50.2,100.0,0.0,22.0,30.5,0.0,,,0.0,0.0,5.353846,5.353846,74.6,,0.0
Gary Jennings Jr,WR,West Virginia,2019,120,4,53.9,57.78,50.7,62.6,backtest,93.9,0.0,0.0,19.0,27.9,0.0,,,0.0,0.0,,,0.0,,
Hunter Renfrow,WR,Clemson,2019,149,5,53.0,57.3,42.1,76.7,backtest,90.0,100.0,0.0,19.0,7.9,0.0,,,1.0,1.0,15.241176,15.241176,272.9,,2.0
Terry McLaurin,WR,Ohio St.,2019,76,3,51.3,56.05,65.6,30.0,backtest,45.0,0.0,0.0,22.0,18.0,0.0,,,1.0,1.0,14.92,15.752941,322.5,,3.0
Hakeem Butler,WR,Iowa St.,2019,103,4,46.7,52.92,56.2,36.6,backtest,54.9,0.0,0.0,22.0,43.6,0.0,,,0.0,0.0,,,0.0,,
KeeSean Johnson,WR,Fresno St.,2019,174,6,40.0,49.83,33.5,64.4,backtest,96.6,0.0,0.0,19.0,33.1,8.0,,,0.0,0.0,4.6,4.6,46.0,,0.0
Travis Fulgham,WR,Old Dominion,2019,184,6,38.0,48.73,29.9,65.5,backtest,98.3,0.0,0.0,19.0,36.6,0.0,,,0.0,0.0,9.658333,9.658333,115.9,,0.0
Dillon Mitchell,WR,Oregon,2019,239,7,34.2,46.12,7.2,81.8,backtest,97.7,0.0,100.0,19.0,35.5,5.0,,,0.0,0.0,,,0.0,,
Marcus Green,WR,La-Monroe,2019,203,6,32.2,45.6,21.7,64.0,backtest,96.0,0.0,0.0,19.0,22.1,189.0,,,0.0,0.0,,,0.0,,
Scott Miller,WR,Bowling Green,2019,208,6,31.1,45.22,18.5,65.1,backtest,97.6,0.0,0.0,19.0,35.2,16.0,,,0.0,0.0,7.321429,7.321429,121.0,,0.0
Terry Godwin,WR,Georgia,2019,237,7,29.9,44.83,8.4,76.7,backtest,90.0,100.0,0.0,19.0,10.3,0.0,,,0.0,0.0,,,6.5,,
Darius Slayton,WR,Auburn,2019,171,5,18.1,40.3,35.0,31.1,backtest,46.7,0.0,0.0,22.0,23.3,0.0,,,0.0,0.0,12.142857,12.142857,170.0,,1.0
Kelvin Harmon,WR,North Carolina St.,2019,206,6,12.3,38.87,19.8,43.0,backtest,64.4,0.0,0.0,21.0,28.9,0.0,,,0.0,0.0,5.149231,5.149231,66.5,,0.0
Olabisi Johnson,WR,Colorado St.,2019,247,7,11.1,38.54,4.6,60.0,backtest,90.0,0.0,0.0,19.0,18.5,0.0,,,0.0,0.0,6.076923,6.076923,82.7,,0.0
Juwann Winfree,WR,Colorado,2019,187,6,9.7,37.64,27.0,30.0,backtest,45.0,0.0,0.0,22.0,10.7,0.0,,,0.0,0.0,,,11.8,,
John Ursua,WR,Hawaii,2019,236,7,4.8,32.37,8.8,34.7,backtest,52.0,0.0,0.0,22.0,34.1,4.0,,,0.0,0.0,,,2.1,,
Jerry Jeudy,WR,Alabama,2020,15,1,97.3,91.0,93.4,94.4,backtest,91.6,100.0,100.0,19.0,23.3,1.0,,,1.0,0.0,13.613333,14.170588,240.9,,1.0
Henry Ruggs III,WR,Alabama,2020,12,1,95.8,89.84,94.2,86.7,backtest,80.0,100.0,100.0,20.0,15.5,75.0,,,0.0,0.0,6.469231,6.469231,0.0,,0.0
Justin Jefferson,WR,LSU,2020,22,1,95.0,89.02,89.7,95.8,backtest,93.8,100.0,100.0,19.0,27.5,0.0,,,1.0,1.0,21.685882,21.685882,379.0,,3.0
Tee Higgins,WR,Clemson,2020,33,2,93.5,86.97,84.7,99.9,backtest,99.9,100.0,100.0,19.0,29.7,36.0,,,1.0,1.0,15.778571,18.508333,280.0,,3.0
CeeDee Lamb,WR,Oklahoma,2020,17,1,93.2,86.93,92.6,83.3,backtest,99.9,0.0,100.0,19.0,35.4,40.0,,,1.0,1.0,17.741176,23.835294,425.7000000000001,,3.0
Jalen Reagor,WR,TCU,2020,21,1,91.9,85.57,90.6,83.3,backtest,99.9,0.0,100.0,18.0,29.2,89.0,,,0.0,0.0,7.927273,7.927273,81.2,,0.0
Laviska Shenault Jr.,WR,Colorado,2020,42,2,84.0,79.08,79.6,81.5,backtest,97.2,0.0,100.0,19.0,24.5,161.0,,,0.0,0.0,11.221429,11.221429,157.1,,1.0
KJ Hamler,WR,Penn St.,2020,46,2,83.7,78.62,78.5,83.3,backtest,99.9,0.0,100.0,19.0,31.7,43.0,,,0.0,0.0,7.508333,7.508333,0.0,,0.0
Chase Claypool,WR,Notre Dame,2020,49,2,80.2,76.26,77.5,77.8,backtest,66.7,100.0,100.0,21.0,33.4,0.0,,,1.0,0.0,13.43125,13.43125,237.8,,2.0
Brandon Aiyuk,WR,Arizona St.,2020,25,1,77.6,73.07,87.6,45.8,backtest,68.7,0.0,0.0,21.0,37.5,6.0,,,1.0,1.0,15.375,15.575,279.1,,3.0
Michael Pittman Jr.,WR,USC,2020,34,2,77.0,72.76,83.7,53.4,backtest,80.2,0.0,0.0,20.0,30.3,0.0,,,0.0,0.0,14.035294,15.7625,0.0,,2.0
Bryan Edwards,WR,South Carolina,2020,81,3,75.3,71.04,63.6,83.3,backtest,99.9,0.0,100.0,18.0,40.3,22.0,,,0.0,0.0,6.81875,6.81875,116.2,,0.0
Denzel Mims,WR,Baylor,2020,59,2,74.7,70.56,72.1,66.4,backtest,99.6,0.0,0.0,19.0,39.3,0.0,,,0.0,0.0,6.744444,6.744444,60.7,,0.0
Van Jefferson,WR,Florida,2020,57,2,63.4,62.7,73.0,38.7,backtest,33.1,100.0,0.0,,18.1,7.0,,,0.0,0.0,9.894118,9.894118,188.9,,0.0
Gabriel Davis,WR,Central Florida,2020,128,4,62.3,62.46,48.8,82.7,backtest,99.0,0.0,100.0,19.0,38.1,0.0,,,0.0,0.0,11.44,11.44,0.0,,1.0
Lynn Bowden Jr.,WR,Kentucky,2020,80,3,61.4,62.26,64.2,53.3,backtest,80.0,0.0,0.0,20.0,17.3,1496.0,,,0.0,0.0,5.953333,5.953333,0.0,,0.0
Devin Duvernay,WR,Texas,2020,92,3,54.8,58.2,59.5,47.5,backtest,71.2,0.0,0.0,21.0,32.5,31.0,,,0.0,0.0,8.292857,8.292857,110.1,,0.0
Tyler Johnson,WR,Minnesota,2020,161,5,53.3,57.44,38.9,83.3,backtest,99.9,0.0,100.0,18.0,41.0,0.0,,,0.0,0.0,4.8,5.554545,81.5,,0.0
Antonio Gandy-Golden,WR,Liberty,2020,142,4,45.2,51.99,43.4,55.3,backtest,83.0,0.0,0.0,20.0,35.9,0.0,,,0.0,0.0,,,3.5,,
Donovan Peoples-Jones,WR,Michigan,2020,187,6,43.9,51.64,27.0,76.7,backtest,90.0,0.0,100.0,19.0,18.7,-3.0,,,0.0,0.0,9.829412,9.829412,161.1,,0.0
Quintez Cephus,WR,Wisconsin,2020,166,5,43.5,51.26,36.4,65.2,backtest,97.8,0.0,0.0,19.0,35.5,0.0,,,0.0,0.0,6.081818,6.081818,66.9,,0.0
Isaiah Hodgins,WR,Oregon St.,2020,207,6,42.3,50.82,19.1,83.3,backtest,99.9,0.0,100.0,19.0,40.8,0.0,,,0.0,0.0,11.133333,11.133333,126.0,,1.0
Joe Reed,WR,Virginia,2020,151,5,41.5,50.41,41.5,54.8,backtest,82.1,0.0,0.0,20.0,24.3,38.0,,,0.0,0.0,,,8.9,,
Darnell Mooney,WR,Tulane,2020,173,5,39.4,49.32,34.0,62.2,backtest,93.2,0.0,0.0,19.0,26.5,0.0,,,0.0,0.0,12.923529,12.923529,219.7,,1.0
Quez Watkins,WR,Southern Miss,2020,200,6,36.8,48.0,23.0,70.6,backtest,81.0,0.0,100.0,20.0,31.9,0.0,,,0.0,0.0,6.823529,6.823529,121.5,,0.0
Collin Johnson,WR,Texas,2020,165,5,36.0,46.86,37.0,50.0,backtest,75.0,0.0,0.0,20.0,12.1,0.0,,,0.0,0.0,5.92,5.92,59.2,,0.0
K.J. Osborn,WR,Miami (FL),2020,176,5,34.0,46.06,32.2,52.8,backtest,79.1,0.0,0.0,20.0,28.3,15.0,,,0.0,0.0,9.323529,9.323529,165.6,,0.0
Dezmon Patmon,WR,Washington St.,2020,212,6,30.8,45.16,16.9,66.7,backtest,75.0,0.0,100.0,20.0,14.7,0.0,,,0.0,0.0,,,10.1,,
K.J. Hill,WR,Ohio St.,2020,220,7,29.0,44.08,14.2,66.7,backtest,75.0,100.0,0.0,20.0,19.0,1.0,,,0.0,0.0,,,14.3,,
Tyrie Cleveland,WR,Florida,2020,252,7,26.2,42.9,3.9,76.7,backtest,90.0,100.0,0.0,19.0,6.0,0.0,,,0.0,0.0,,,12.3,,
Isaiah Coulter,WR,Rhode Island,2020,171,5,23.3,41.8,35.0,36.1,backtest,29.2,0.0,100.0,,14.2,0.0,,,0.0,0.0,,,0.0,,
Freddie Swain,WR,Florida,2020,214,6,22.7,41.53,16.0,55.5,backtest,33.2,100.0,100.0,,13.2,27.0,,,0.0,0.0,5.40625,5.40625,86.5,,0.0
James Proche,WR,SMU,2020,201,6,21.8,41.34,22.5,48.9,backtest,73.3,0.0,0.0,21.0,36.7,22.0,,,0.0,0.0,,,36.2,,
John Hightower,WR,Boise St.,2020,168,5,12.9,38.99,36.0,25.3,backtest,37.9,0.0,0.0,23.0,25.8,154.0,,,0.0,0.0,2.88,2.88,28.8,,0.0
Jauan Jennings,WR,Tennessee,2020,217,7,8.8,36.27,15.5,39.3,backtest,58.9,0.0,0.0,22.0,37.9,51.0,,,0.0,0.0,6.323077,14.033333,210.5,,0.0
Ja'Marr Chase,WR,LSU,2021,5,1,98.7,96.24,98.0,97.1,backtest,95.6,100.0,100.0,19.0,31.2,5.0,,,1.0,1.0,20.2,23.705882,403.0,,3.0
Jaylen Waddle,WR,Alabama,2021,6,1,95.2,89.58,97.4,76.7,backtest,90.0,100.0,0.0,19.0,11.1,12.0,,,1.0,1.0,15.4875,15.4875,267.40000000000003,,3.0
DeVonta Smith,WR,Alabama,2021,10,1,92.9,86.66,95.1,73.3,backtest,84.9,100.0,0.0,20.0,47.3,6.0,,,1.0,1.0,14.976471,15.338462,295.3,,3.0
Rashod Bateman,WR,Minnesota,2021,27,1,90.9,83.7,86.6,83.3,backtest,99.9,0.0,100.0,18.0,31.2,0.0,,,0.0,0.0,8.625,10.9125,201.6,,0.0
Elijah Moore,WR,Mississippi,2021,34,2,88.3,81.7,83.7,83.3,backtest,99.9,0.0,100.0,19.0,30.6,64.0,,,0.0,0.0,12.563636,12.563636,138.2,,1.0
Kadarius Toney,WR,Florida,2021,20,1,84.3,79.09,91.5,60.6,backtest,65.8,100.0,0.0,21.0,21.7,161.0,,,0.0,0.0,9.151111,9.151111,81.6,,0.0
Rondale Moore,WR,Purdue,2021,49,2,82.8,77.9,77.5,83.3,backtest,99.9,0.0,100.0,18.0,7.3,32.0,,,0.0,0.0,10.9875,10.9875,119.3,,1.0
Terrace Marshall Jr.,WR,LSU,2021,59,2,81.9,76.91,72.1,87.6,backtest,81.4,100.0,100.0,20.0,32.8,0.0,,,0.0,0.0,6.384615,6.384615,32.900000000000006,,0.0
Tutu Atwell,WR,Louisville,2021,57,2,79.6,74.99,73.0,79.7,backtest,94.6,0.0,100.0,19.0,29.1,7.0,,,0.0,0.0,8.028571,8.028571,121.2,,0.0
Amon-Ra St. Brown,WR,USC,2021,112,4,74.1,70.34,52.9,99.9,backtest,99.9,100.0,100.0,18.0,33.1,0.0,,,1.0,1.0,20.68125,20.68125,386.5,,3.0
Dyami Brown,WR,North Carolina,2021,82,3,73.3,69.66,63.0,79.3,backtest,94.0,0.0,100.0,19.0,28.0,0.0,,,0.0,0.0,3.122222,4.7,108.3,,0.0
D'Wayne Eskridge,WR,Western Michigan,2021,56,2,72.4,69.28,73.7,59.9,backtest,89.9,0.0,0.0,20.0,44.8,27.0,,,0.0,0.0,3.5375,3.5375,28.3,,0.0
Anthony Schwartz,WR,Auburn,2021,91,3,69.5,67.74,60.1,78.7,backtest,93.0,0.0,100.0,19.0,26.0,-6.0,,,0.0,0.0,2.783333,2.783333,33.4,,0.0
Nico Collins,WR,Michigan,2021,89,3,64.6,63.04,60.6,61.7,backtest,92.6,0.0,0.0,19.0,25.2,0.0,,,1.0,1.0,17.36,17.55,294.2,,1.0
Josh Palmer,WR,Tennessee,2021,77,3,62.0,62.44,65.2,52.0,backtest,77.9,0.0,0.0,20.0,25.9,0.0,,,0.0,0.0,10.67,10.67,174.4,,2.0
Amari Rodgers,WR,Clemson,2021,85,3,58.8,60.63,61.9,51.2,backtest,76.7,0.0,0.0,20.0,23.5,0.0,,,0.0,0.0,4.788889,4.788889,43.1,,0.0
Dez Fitzpatrick,WR,Louisville,2021,109,4,56.8,59.18,53.9,61.0,backtest,91.5,0.0,0.0,19.0,23.0,-12.0,,,0.0,0.0,,,15.9,,
Jaelon Darden,WR,North Texas,2021,129,4,49.9,54.47,48.4,56.6,backtest,84.9,0.0,0.0,20.0,55.0,-3.0,,,0.0,0.0,,,11.4,,
Tylan Wallace,WR,Oklahoma St.,2021,131,4,48.1,53.57,48.0,54.7,backtest,82.1,0.0,0.0,20.0,34.1,7.0,,,0.0,0.0,,4.5375,43.1,,
Ihmir Smith-Marsette,WR,Iowa,2021,157,5,47.0,53.04,40.0,66.6,backtest,99.9,0.0,0.0,19.0,33.1,54.0,,,0.0,0.0,,,28.6,,
Seth Williams,WR,Auburn,2021,219,6,38.9,49.19,14.9,83.3,backtest,99.9,0.0,100.0,18.0,32.0,0.0,,,0.0,0.0,,,4.4,,
Simi Fehoko,WR,Stanford,2021,179,5,27.6,43.63,31.4,46.1,backtest,69.2,0.0,0.0,21.0,38.3,-1.0,,,0.0,0.0,,,16.6,,
Jacob Harris,WR,Central Florida,2021,141,4,23.0,41.57,43.9,20.1,backtest,30.1,0.0,0.0,23.0,20.2,0.0,,,0.0,0.0,,,1.6,,
Marquez Stevenson,WR,Houston,2021,203,6,22.4,41.45,21.7,50.2,backtest,75.3,0.0,0.0,20.0,20.6,16.0,,,0.0,0.0,,,0.0,,
Frank Darby,WR,Arizona St.,2021,187,6,19.1,40.64,27.0,40.0,backtest,60.0,0.0,0.0,21.0,13.0,0.0,,,0.0,0.0,,,2.5,,
Racey McMath,WR,LSU,2021,205,6,18.6,40.37,20.5,47.5,backtest,21.2,100.0,100.0,,6.2,0.0,,,0.0,0.0,,,6.4,,
Shi Smith,WR,South Carolina,2021,204,6,16.9,40.24,21.1,46.6,backtest,69.9,0.0,0.0,21.0,41.7,6.0,,,0.0,0.0,4.106667,4.106667,61.6,,0.0
Dazz Newsome,WR,North Carolina,2021,221,6,15.2,39.95,13.6,53.3,backtest,80.0,0.0,0.0,20.0,19.2,21.0,,,0.0,0.0,,,4.3,,
Kawaan Baker,WR,South Alabama,2021,255,7,14.3,39.5,2.6,66.6,backtest,99.9,0.0,0.0,19.0,34.3,42.0,,,0.0,0.0,,,0.0,,
Cornell Powell,WR,Clemson,2021,181,5,12.0,38.69,30.8,30.6,backtest,45.9,0.0,0.0,22.0,21.8,0.0,,,0.0,0.0,,,0.0,,
Dax Milne,WR,BYU,2021,258,7,10.0,37.84,1.4,62.3,backtest,68.5,0.0,100.0,21.0,27.0,67.0,,,0.0,0.0,1.711111,1.711111,15.7,,0.0
Tre Nixon,WR,Central Florida,2021,242,7,8.2,36.18,5.9,50.0,backtest,75.0,0.0,0.0,20.0,6.8,0.0,,,0.0,0.0,,,0.0,,
Jalen Camp,WR,Georgia Tech,2021,209,6,7.1,34.99,17.9,31.4,backtest,47.1,0.0,0.0,22.0,24.2,0.0,,,0.0,0.0,,,1.7000000000000002,,
Ben Skowronek,WR,Notre Dame,2021,249,7,4.5,31.72,4.2,38.1,backtest,32.2,100.0,0.0,23.0,24.4,17.0,,,0.0,0.0,6.021429,6.021429,84.30000000000001,,0.0
Mike Strachan,WR,Charleston (WV),2021,229,7,2.7,28.72,11.1,19.5,backtest,29.2,0.0,0.0,,14.2,0.0,,,0.0,0.0,,,8.9,,
Garrett Wilson,WR,Ohio St.,2022,10,1,97.6,91.05,95.1,87.9,backtest,81.9,100.0,100.0,20.0,23.7,76.0,,,1.0,0.0,14.817647,14.817647,251.9,,3.0
Jameson Williams,WR,Alabama,2022,12,1,97.0,90.95,94.2,90.4,backtest,85.6,100.0,100.0,20.0,31.1,32.0,,,1.0,0.0,14.146667,14.146667,227.2,,1.0
Drake London,WR,USC,2022,8,1,95.5,89.76,96.3,80.6,backtest,95.9,0.0,100.0,19.0,31.8,2.0,,,1.0,1.0,16.517647,16.825,280.8,,3.0
Chris Olave,WR,Ohio St.,2022,11,1,94.1,87.61,94.7,77.9,backtest,91.8,100.0,0.0,19.0,23.6,-6.0,,,1.0,0.0,14.45625,16.875,231.3,,2.0
Jahan Dotson,WR,Penn St.,2022,16,1,91.2,84.29,92.9,73.3,backtest,84.9,100.0,0.0,20.0,40.9,18.0,,,0.0,0.0,10.883333,10.883333,130.6,,1.0
George Pickens,WR,Georgia,2022,52,2,89.2,82.2,75.7,99.9,backtest,99.9,100.0,100.0,18.0,1.4,0.0,,,0.0,0.0,12.282353,17.052941,218.3,,2.0
Treylon Burks,WR,Arkansas,2022,18,1,85.1,79.58,92.4,59.9,backtest,89.9,0.0,0.0,20.0,44.8,124.0,,,0.0,0.0,8.009091,8.009091,88.10000000000001,,0.0
John Metchie,WR,Alabama,2022,44,2,84.5,79.13,78.9,83.3,backtest,75.0,100.0,100.0,20.0,19.6,8.0,,,0.0,0.0,5.54,5.991667,65.7,,0.0
Wan'Dale Robinson,WR,Kentucky,2022,43,2,82.2,77.11,79.3,75.8,backtest,88.7,0.0,100.0,20.0,37.3,110.0,,,0.0,0.0,10.747059,13.61875,182.7,,1.0
Skyy Moore,WR,Western Michigan,2022,54,2,81.7,76.74,75.0,83.3,backtest,99.9,0.0,100.0,18.0,41.3,11.0,,,0.0,0.0,4.130769,4.130769,62.8,,0.0
Christian Watson,WR,North Dakota St.,2022,34,2,81.4,76.7,83.7,66.6,backtest,99.9,0.0,0.0,19.0,80.0,114.0,,,0.0,0.0,11.721429,13.24,164.10000000000002,,2.0
Alec Pierce,WR,Cincinnati,2022,53,2,78.8,74.51,75.3,75.1,backtest,62.6,100.0,100.0,21.0,25.2,0.0,,,0.0,0.0,10.0875,12.22,161.4,,1.0
Tyquan Thornton,WR,Baylor,2022,50,2,76.7,72.66,76.9,66.6,backtest,99.9,0.0,0.0,18.0,37.5,0.0,,,0.0,0.0,5.525,7.345455,66.3,,0.0
David Bell,WR,Purdue,2022,99,3,76.5,72.65,57.7,99.9,backtest,99.9,100.0,100.0,18.0,22.5,39.0,,,0.0,0.0,5.411111,5.411111,62.1,,0.0
Jalen Tolbert,WR,South Alabama,2022,88,3,61.1,61.69,60.8,56.6,backtest,84.9,0.0,0.0,20.0,42.2,0.0,,,0.0,0.0,8.941176,8.941176,152.0,,0.0
Velus Jones Jr.,WR,Tennessee,2022,71,3,57.4,59.34,67.2,37.6,backtest,31.3,100.0,0.0,23.0,22.7,15.0,,,0.0,0.0,4.222222,4.222222,0.0,,0.0
Danny Gray,WR,SMU,2022,105,3,52.5,56.84,55.3,50.8,backtest,51.3,100.0,0.0,22.0,22.5,40.0,,,0.0,0.0,,,2.9,,
Romeo Doubs,WR,Nevada,2022,132,4,51.0,55.68,47.3,62.3,backtest,93.4,0.0,0.0,19.0,26.8,4.0,,,0.0,0.0,10.258824,10.258824,213.8,,2.0
Khalil Shakir,WR,Boise St.,2022,148,5,49.6,54.43,42.3,66.6,backtest,99.9,0.0,0.0,19.0,35.4,130.0,,,0.0,0.0,12.166667,12.166667,217.9,,1.0
Erik Ezukanma,WR,Texas Tech,2022,125,4,49.0,54.32,50.0,53.9,backtest,80.8,0.0,0.0,20.0,21.7,144.0,,,0.0,0.0,,,2.2,,
Calvin Austin III,WR,Memphis,2022,138,4,40.3,50.17,45.2,47.1,backtest,70.7,0.0,0.0,21.0,31.4,69.0,,,0.0,0.0,7.105882,7.105882,60.4,,0.0
Kyle Philips,WR,UCLA,2022,163,5,37.7,48.69,37.6,55.1,backtest,82.7,0.0,0.0,20.0,35.4,0.0,,,0.0,0.0,4.1375,4.1375,33.1,,0.0
Bo Melton,WR,Rutgers,2022,229,7,25.6,42.86,11.1,66.6,backtest,99.9,0.0,0.0,19.0,30.5,51.0,,,0.0,0.0,2.045455,3.025,56.5,,0.0
Michael Woods II,WR,Oklahoma,2022,202,6,24.4,42.06,22.1,51.7,backtest,77.6,0.0,0.0,20.0,25.2,2.0,,,0.0,0.0,,,0.0,,
Dareke Young,WR,Lenoir-Rhyne,2022,233,7,18.3,40.35,10.1,60.0,backtest,90.0,0.0,0.0,19.0,10.2,5.0,,,0.0,0.0,,,6.5,,
Jalen Nailor,WR,Michigan St.,2022,191,6,17.2,40.24,25.4,40.5,backtest,60.8,0.0,0.0,21.0,21.6,0.0,,,0.0,0.0,7.0,7.0,111.3,,0.0
Montrell Washington,WR,Samford,2022,162,5,10.8,38.5,38.3,20.7,backtest,31.0,0.0,0.0,,16.0,19.0,,,0.0,0.0,0.8,0.8,7.2,,0.0
Samori Toure,WR,Nebraska,2022,258,7,1.9,27.33,1.4,27.3,backtest,41.0,0.0,0.0,23.0,31.9,63.0,,,0.0,0.0,2.225,2.225,19.2,,0.0
Jaxon Smith-Njigba,WR,Ohio St.,2023,20,1,96.7,90.9,91.5,99.9,backtest,99.9,100.0,100.0,19.0,55.4,4.0,,,1.0,0.0,21.288235,21.288235,251.6,,2.0
Quentin Johnston,WR,TCU,2023,21,1,91.9,85.57,90.6,83.3,backtest,99.9,0.0,100.0,18.0,22.7,-7.0,,,0.0,0.0,13.323077,13.323077,174.70000000000002,,2.0
Jordan Addison,WR,USC,2023,23,1,90.6,82.94,88.7,76.7,backtest,65.0,100.0,100.0,21.0,18.6,33.0,,,1.0,0.0,14.166667,14.166667,221.3,,2.0
Zay Flowers,WR,Boston Col.,2023,22,1,85.7,80.24,89.7,66.6,backtest,99.9,0.0,0.0,19.0,46.7,41.0,,,1.0,0.0,14.664706,14.664706,235.4,,3.0
Marvin Mims,WR,Oklahoma,2023,63,2,79.1,74.74,70.4,83.3,backtest,99.9,0.0,100.0,18.0,27.5,3.0,,,0.0,0.0,8.09375,8.09375,132.8,,0.0
Josh Downs,WR,North Carolina,2023,79,3,73.6,70.09,64.7,78.8,backtest,93.2,0.0,100.0,19.0,26.4,0.0,,,0.0,0.0,13.014286,13.014286,182.2,,1.0
Jalin Hyatt,WR,Tennessee,2023,73,3,72.1,69.13,66.6,71.6,backtest,82.3,0.0,100.0,20.0,34.7,0.0,,,0.0,0.0,4.638462,4.638462,60.3,,0.0
Jonathan Mingo,WR,Mississippi,2023,39,2,70.4,67.91,81.5,41.7,backtest,62.6,0.0,0.0,21.0,25.2,-7.0,,,0.0,0.0,5.653333,5.653333,84.8,,0.0
Jayden Reed,WR,Michigan St.,2023,50,2,70.1,67.87,76.9,50.6,backtest,76.0,0.0,0.0,20.0,21.9,18.0,,,1.0,0.0,13.575,13.575,225.6,,2.0
Rashee Rice,WR,SMU,2023,55,2,68.9,67.62,74.4,53.7,backtest,80.5,0.0,0.0,20.0,31.0,0.0,,,1.0,0.0,18.5125,18.5125,271.2,,2.0
Tank Dell,WR,Houston,2023,69,3,67.8,65.32,68.5,56.1,backtest,84.2,0.0,0.0,20.0,38.4,9.0,,,0.0,0.0,16.5,16.5,165.0,,2.0
Tyler Scott,WR,Cincinnati,2023,133,4,64.9,63.31,46.4,88.2,backtest,82.4,100.0,100.0,20.0,34.7,0.0,,,0.0,0.0,2.761538,2.761538,35.900000000000006,,0.0
Michael Wilson,WR,Stanford,2023,94,3,63.2,62.6,58.7,63.4,backtest,95.1,0.0,0.0,19.0,20.2,47.0,,,0.0,0.0,12.976471,12.976471,124.5,,1.0
Tre Tucker,WR,Cincinnati,2023,100,3,57.9,59.48,57.2,56.7,backtest,60.0,100.0,0.0,21.0,17.5,0.0,,,0.0,0.0,9.511765,9.511765,129.3,,0.0
Cedric Tillman,WR,Tennessee,2023,74,3,57.7,59.46,66.2,40.0,backtest,60.0,0.0,0.0,21.0,8.9,0.0,,,0.0,0.0,8.933333,8.933333,80.4,,0.0
Parker Washington,WR,Penn St.,2023,185,6,55.9,58.91,29.0,99.9,backtest,99.9,100.0,100.0,18.0,12.8,8.0,,,0.0,0.0,11.513333,11.513333,91.0,,1.0
Kayshon Boutte,WR,LSU,2023,187,6,55.3,58.62,27.0,99.9,backtest,99.9,100.0,100.0,18.0,11.5,41.0,,,0.0,0.0,8.864286,8.864286,121.9,,0.0
Dontayvion Wicks,WR,Virginia,2023,159,5,47.3,53.16,39.4,68.0,backtest,77.0,0.0,100.0,20.0,24.0,0.0,,,0.0,0.0,7.984,7.984,129.7,,0.0
Puka Nacua,WR,BYU,2023,177,5,43.2,51.08,31.8,70.0,backtest,80.0,0.0,100.0,20.0,17.4,209.0,,,1.0,1.0,23.5625,23.5625,331.4,,3.0
Derius Davis,WR,TCU,2023,125,4,33.1,45.8,50.0,25.5,backtest,38.3,0.0,0.0,,18.3,30.0,,,0.0,0.0,3.645455,3.645455,41.2,,0.0
Charlie Jones,WR,Purdue,2023,131,4,30.5,45.14,48.0,26.6,backtest,39.9,0.0,0.0,23.0,40.7,3.0,,,0.0,0.0,,,14.7,,
Trey Palmer,WR,Nebraska,2023,191,6,26.7,43.05,25.4,49.9,backtest,74.9,0.0,0.0,21.0,46.1,75.0,,,0.0,0.0,5.629412,5.629412,114.4,,0.0
Xavier Hutchinson,WR,Iowa St.,2023,205,6,25.3,42.56,20.5,54.8,backtest,82.2,0.0,0.0,20.0,34.4,0.0,,,0.0,0.0,6.125,6.125,37.3,,0.0
Justin Shorter,WR,Florida,2023,150,5,20.9,41.11,41.8,23.2,backtest,34.8,0.0,0.0,,19.8,0.0,,,0.0,0.0,,,0.0,,
Grant Dubose,WR,Charlotte,2023,256,7,17.8,40.27,2.0,69.6,backtest,79.4,0.0,100.0,20.0,28.8,-1.0,,,0.0,0.0,,,0.0,,
Elijah Higgins,WR,Stanford,2023,197,6,16.6,40.23,23.5,43.3,backtest,65.0,0.0,0.0,21.0,18.2,48.0,,,0.0,0.0,4.033333,4.033333,0.0,,0.0
A.T. Perry,WR,Wake Forest,2023,195,6,15.7,40.14,24.1,42.1,backtest,63.2,0.0,0.0,21.0,26.3,0.0,,,0.0,0.0,7.575,7.575,60.6,,0.0
DeMario Douglas,WR,Liberty,2023,210,6,14.6,39.63,17.3,47.3,backtest,71.0,0.0,0.0,21.0,31.9,105.0,,,0.0,0.0,9.23125,9.23125,0.0,,0.0
Andrei Iosivas,WR,Princeton,2023,206,6,9.1,36.42,19.8,34.8,backtest,52.2,0.0,0.0,22.0,34.4,10.0,,,0.0,0.0,7.052941,7.052941,119.9,,0.0
Antoine Green,WR,North Carolina,2023,219,7,8.5,36.21,14.9,40.0,backtest,60.0,0.0,0.0,21.0,18.4,0.0,,,0.0,0.0,,,1.2,,
Ronnie Bell,WR,Michigan,2023,253,7,7.4,35.08,3.3,51.0,backtest,51.6,100.0,0.0,22.0,23.1,26.0,,,0.0,0.0,3.85,3.85,30.8,,0.0
Colton Dowell,WR,UT Martin,2023,228,7,5.6,33.43,11.8,34.7,backtest,52.1,0.0,0.0,22.0,34.2,6.0,,,0.0,0.0,,,1.3,,
Jalen Brooks,WR,South Carolina,2023,244,7,2.2,27.91,5.3,23.3,backtest,34.9,0.0,0.0,,14.9,51.0,,,0.0,0.0,2.975,2.975,35.7,,0.0
Marvin Harrison Jr.,WR,Ohio St.,2024,4,1,99.0,97.69,98.6,99.9,backtest,99.9,100.0,100.0,19.0,44.2,26.0,,,0.0,0.0,11.558824,11.558824,0.0,,2.0
Malik Nabers,WR,LSU,2024,6,1,98.4,95.95,97.4,97.9,backtest,96.9,100.0,100.0,19.0,33.7,1.0,,,1.0,1.0,18.24,18.24,273.6,,1.0
Rome Odunze,WR,Washington,2024,9,1,96.1,90.1,95.7,83.3,backtest,99.9,100.0,0.0,19.0,33.0,37.0,,,0.0,0.0,12.175,12.175,144.9,,1.0
Xavier Worthy,WR,Texas,2024,28,1,94.7,88.4,86.3,99.9,backtest,99.9,100.0,100.0,18.0,22.5,35.0,,,1.0,1.0,11.7,11.7,253.7,,1.0
Brian Thomas,WR,LSU,2024,23,1,92.6,86.21,88.7,87.6,backtest,81.3,100.0,100.0,20.0,32.7,0.0,,,1.0,1.0,16.705882,16.705882,284.0,,1.0
Ladd McConkey,WR,Georgia,2024,34,2,90.0,82.72,83.7,86.7,backtest,80.0,100.0,100.0,20.0,9.0,38.0,,,1.0,1.0,15.05625,15.05625,275.6,,2.0
Ja'Lynn Polk,WR,Washington,2024,37,2,84.8,79.23,82.2,77.7,backtest,66.5,100.0,100.0,21.0,23.1,32.0,,,0.0,0.0,2.515385,2.515385,32.7,,0.0
Adonai Mitchell,WR,Texas,2024,52,2,83.4,78.46,75.7,87.5,backtest,81.2,100.0,100.0,20.0,32.4,1.0,,,0.0,0.0,5.61875,5.61875,52.8,,0.0
Keon Coleman,WR,Florida St.,2024,33,2,83.1,78.14,84.7,70.5,backtest,80.7,0.0,100.0,20.0,31.4,2.0,,,0.0,0.0,8.576923,8.576923,118.7,,0.0
Ricky Pearsall,WR,Florida,2024,31,1,75.6,71.13,85.7,45.2,backtest,67.9,0.0,0.0,21.0,25.7,62.0,,,0.0,0.0,9.844444,9.844444,93.5,,0.0
Xavier Legette,WR,South Carolina,2024,32,1,69.8,67.82,85.3,35.2,backtest,52.7,0.0,0.0,22.0,35.5,-8.0,,,0.0,0.0,8.34,8.34,125.1,,0.0
Troy Franklin,WR,Oregon,2024,102,4,68.1,65.98,56.8,79.5,backtest,94.3,0.0,100.0,19.0,28.5,0.0,,,0.0,0.0,10.182353,10.182353,80.5,,1.0
Malachi Corley,WR,Western Kentucky,2024,65,3,66.9,65.06,69.8,52.4,backtest,78.6,0.0,0.0,20.0,27.3,11.0,,,0.0,0.0,2.633333,2.633333,7.2,,0.0
Jalen McMillan,WR,Washington,2024,92,3,66.6,64.96,59.5,70.0,backtest,80.0,100.0,0.0,20.0,12.0,30.0,,,0.0,0.0,10.415385,10.415385,141.5,,1.0
Roman Wilson,WR,Michigan,2024,84,3,60.3,61.21,62.4,52.4,backtest,53.7,100.0,0.0,22.0,37.3,10.0,,,0.0,0.0,4.511111,4.511111,0.0,,0.0
Javon Baker,WR,Central Florida,2024,110,4,59.4,60.69,53.5,66.6,backtest,99.9,0.0,0.0,18.0,31.5,0.0,,,0.0,0.0,,,2.2,,
Luke McCaffrey,WR,Rice,2024,100,3,52.7,57.24,57.2,49.2,backtest,73.8,0.0,0.0,21.0,37.5,109.0,,,0.0,0.0,2.9,2.9,34.8,,0.0
Jermaine Burton,WR,Alabama,2024,80,3,51.6,56.29,64.2,33.4,backtest,50.2,0.0,0.0,22.0,30.3,0.0,,,0.0,0.0,,,14.7,,
Ainias Smith,WR,Texas A&M,2024,152,5,46.4,52.83,41.2,63.3,backtest,95.0,0.0,0.0,19.0,15.5,21.0,,,0.0,0.0,,,17.7,,
Devontez Walker,WR,North Carolina,2024,113,4,41.8,50.43,52.3,34.2,backtest,51.2,0.0,0.0,22.0,22.5,23.0,,,0.0,0.0,,,9.1,,
Jacob Cowing,WR,Arizona,2024,135,4,40.9,50.37,45.8,46.2,backtest,69.3,0.0,0.0,21.0,28.5,26.0,,,0.0,0.0,,,12.7,,
Anthony Gould,WR,Oregon St.,2024,142,5,37.4,48.39,43.4,43.3,backtest,65.0,0.0,0.0,21.0,15.3,22.0,,,0.0,0.0,,,3.3000000000000003,,
Jordan Whittington,WR,Texas,2024,213,6,33.7,46.02,16.5,70.0,backtest,80.0,100.0,0.0,20.0,8.2,29.0,,,0.0,0.0,2.792308,2.792308,54.7,,0.0
Jha'Quan Jackson,WR,Tulane,2024,182,6,31.9,45.36,30.5,53.3,backtest,80.0,0.0,0.0,20.0,15.3,51.0,,,0.0,0.0,,,1.3,,
Cornelius Johnson,WR,Michigan,2024,253,7,28.5,43.77,3.3,80.0,backtest,95.0,100.0,0.0,19.0,11.5,40.0,,,0.0,0.0,,,0.0,,
Jamari Thrash,WR,Louisville,2024,156,5,25.9,42.89,40.5,32.2,backtest,48.4,0.0,0.0,22.0,26.7,12.0,,,0.0,0.0,2.5875,2.5875,5.2,,0.0
Ryan Flournoy,WR,SE Missouri St.,2024,216,6,23.8,42.03,15.7,58.0,backtest,87.0,0.0,0.0,20.0,34.1,49.0,,,0.0,0.0,8.769231,8.769231,18.200000000000003,,0.0
Brenden Rice,WR,USC,2024,225,7,20.4,40.95,12.7,58.5,backtest,62.7,0.0,100.0,21.0,25.4,0.0,,,0.0,0.0,,,0.0,,
Johnny Wilson,WR,Florida St.,2024,185,6,20.1,40.93,29.0,40.0,backtest,60.0,0.0,0.0,21.0,12.8,0.0,,,0.0,0.0,1.644444,1.644444,14.8,,0.0
Bub Means,WR,Pittsburgh,2024,170,5,19.8,40.69,35.5,31.9,backtest,47.9,0.0,0.0,22.0,25.8,0.0,,,0.0,0.0,,,26.8,,
Casey Washington,WR,Illinois,2024,187,6,19.1,40.64,27.0,40.0,backtest,60.0,0.0,0.0,21.0,19.2,0.0,,,0.0,0.0,,,2.4000000000000004,,
Malik Washington,WR,Virginia,2024,184,6,15.5,40.05,29.9,36.6,backtest,54.9,0.0,0.0,22.0,47.4,7.0,,,0.0,0.0,6.629412,6.629412,56.8,,0.0
Tejhaun Palmer,WR,Ala-Birmingham,2024,191,6,6.8,34.9,25.4,22.8,backtest,34.1,0.0,0.0,23.0,28.3,0.0,,,0.0,0.0,,,0.0,,
Tahj Washington,WR,USC,2024,241,7,3.6,30.62,6.3,31.0,backtest,46.5,0.0,0.0,22.0,23.1,10.0,,,0.0,0.0,,,0.0,,
Devaughn Vele,WR,Utah,2024,235,7,1.3,26.47,9.2,14.6,backtest,21.9,0.0,0.0,25.0,23.8,0.0,,,0.0,0.0,8.192308,8.192308,106.5,,0.0
Travis Hunter,WR,Colorado,2025,2,1,98.1,93.98,99.0,82.9,backtest,99.4,0.0,100.0,19.0,38.8,5.0,,,0.0,0.0,,,0.0,,
Tetairoa McMillan,WR,Arizona,2025,8,1,96.4,90.56,96.3,83.3,backtest,99.9,0.0,100.0,19.0,41.0,0.0,,,1.0,0.0,12.547059,12.547059,213.4,,1.0
Matthew Golden,WR,Texas,2025,23,1,91.5,85.35,88.7,84.7,backtest,77.0,100.0,100.0,20.0,24.1,0.0,,,0.0,0.0,5.0,5.0,110.0,,0.0
Emeka Egbuka,WR,Ohio State,2025,19,1,90.3,82.86,92.1,72.0,backtest,83.0,100.0,0.0,20.0,26.1,38.0,,,1.0,0.0,11.394118,11.394118,192.8,,1.0
Luther Burden III,WR,Missouri,2025,39,2,86.0,80.38,81.5,83.3,backtest,99.9,0.0,100.0,19.0,36.5,115.0,,,0.0,0.0,8.526667,8.526667,124.2,,0.0
Jayden Higgins,WR,Iowa State,2025,34,2,77.3,73.03,83.7,54.3,backtest,81.5,0.0,0.0,20.0,33.0,0.0,,,0.0,0.0,7.617647,7.617647,129.5,,0.0
Kyle Williams,WR,Washington State,2025,69,3,71.1,68.46,68.5,66.6,backtest,99.9,0.0,0.0,18.0,33.2,57.0,,,0.0,0.0,3.784615,3.784615,60.0,,0.0
Tre Harris,WR,Ole Miss,2025,55,2,67.2,65.11,74.4,45.3,backtest,67.9,0.0,0.0,21.0,35.8,0.0,,,0.0,0.0,4.3375,4.3375,100.0,,0.0
Pat Bryant,WR,Illinois,2025,74,3,60.0,61.02,66.2,45.2,backtest,67.8,0.0,0.0,21.0,35.6,14.0,,,0.0,0.0,6.233333,6.233333,55.0,,0.0
Elic Ayomanor,WR,Stanford,2025,136,4,54.5,57.98,45.5,72.1,backtest,83.1,0.0,100.0,20.0,36.2,0.0,,,0.0,0.0,7.28125,7.28125,116.5,,0.0
Chimere Dike,WR,Florida,2025,103,4,54.2,57.83,56.2,52.9,backtest,79.4,0.0,0.0,20.0,28.8,0.0,,,0.0,0.0,6.829412,6.829412,114.3,,0.0
Isaac TeSlaa,WR,Arkansas,2025,70,3,49.3,54.4,67.6,20.4,backtest,30.6,0.0,0.0,,15.6,0.0,,,0.0,0.0,5.421429,5.421429,65.0,,0.0
Tez Johnson,WR,Oregon,2025,235,7,19.5,40.66,9.2,61.9,backtest,92.8,0.0,0.0,19.0,25.7,-1.0,,,0.0,0.0,6.16,6.16,50.0,,0.0
Jordyn Tyson,WR,Arizona State,2026,10,1,95.0,89.31,95.1,82.1,2026_prospect,98.2,0.0,100.0,19.0,36.4,4.0,,,,,,,,,
Carnell Tate,WR,Ohio State,2026,7,1,92.6,86.59,96.8,68.4,2026_prospect,77.6,0.0,100.0,20.0,25.3,16.0,,,,,,,,,
Makai Lemon,WR,USC,2026,13,1,88.6,82.06,93.8,62.1,2026_prospect,68.1,0.0,100.0,21.0,36.2,4.0,,,,,,,,,
Kevin Concepcion,WR,Texas A&M,2026,26,1,87.4,81.11,87.0,73.6,2026_prospect,85.5,0.0,100.0,20.0,30.9,75.0,,,,,,,,,
Denzel Boston,WR,Washington,2026,22,1,81.7,76.76,89.7,55.0,2026_prospect,82.5,0.0,0.0,20.0,35.0,,,,,,,,,,
Omar Cooper Jr.,WR,Indiana,2026,48,2,75.9,71.83,77.6,62.2,2026_prospect,68.3,0.0,100.0,21.0,26.7,74.0,,,,,,,,,
Ja'Kobi Lane,WR,USC,2026,76,3,75.0,70.81,65.6,79.2,2026_prospect,93.8,0.0,100.0,19.0,27.6,,,,,,,,,,
Zachariah Branch,WR,Georgia,2026,49,2,74.1,70.44,77.5,58.4,2026_prospect,62.6,0.0,100.0,21.0,25.2,7.0,,,,,,,,,
Germie Bernard,WR,Alabama,2026,55,2,73.3,69.71,74.4,60.6,2026_prospect,65.9,0.0,100.0,21.0,21.8,101.0,,,,,,,,,
Antonio Williams,WR,Clemson,2026,68,3,67.8,65.34,68.9,55.5,2026_prospect,83.2,0.0,0.0,20.0,26.4,78.0,,,,,,,,,
Chris Brazzell,WR,Tennessee,2026,57,2,65.8,64.14,73.0,43.6,2026_prospect,65.3,0.0,0.0,21.0,30.7,,,,,,,,,,
Malachi Fields,WR,Notre Dame,2026,50,2,65.8,64.71,76.9,40.1,2026_prospect,60.1,0.0,0.0,21.0,20.3,,,,,,,,,,
Elijah Sarratt,WR,Indiana,2026,59,2,64.9,63.31,72.1,42.3,2026_prospect,63.4,0.0,0.0,21.0,26.8,,,,,,,,,,
Chris Bell,WR,Louisville,2026,51,2,57.4,59.45,76.3,23.3,2026_prospect,35.0,0.0,0.0,,32.7,,,,,,,,,,
Skyler Bell,WR,UConn,2026,99,3,47.8,53.56,57.7,36.3,2026_prospect,54.5,0.0,0.0,22.0,39.0,-2.0,,,,,,,,,
Ted Hurst,WR,Georgia State,2026,82,3,46.4,52.86,63.0,23.3,2026_prospect,35.0,0.0,0.0,,37.1,,,,,,,,,,
Kevin Coleman Jr.,WR,Missouri,2026,121,4,43.5,51.48,50.4,42.2,2026_prospect,38.3,0.0,100.0,,18.3,76.0,,,,,,,,,
Josh Cameron,WR,Baylor,2026,136,5,38.6,49.08,45.5,42.4,2026_prospect,63.6,0.0,0.0,21.0,27.2,,,,,,,,,,
Bryce Lance,WR,North Dakota State,2026,132,4,38.0,48.74,47.3,39.1,2026_prospect,58.7,0.0,0.0,22.0,37.4,92.0,,,,,,,,,
Deion Burks,WR,Oklahoma,2026,118,4,37.4,48.52,51.0,30.6,2026_prospect,46.0,0.0,0.0,22.0,21.9,-3.0,,,,,,,,,
Lewis Bond,WR,Boston College,2026,185,6,37.4,48.61,29.0,65.6,2026_prospect,98.4,0.0,0.0,19.0,36.8,3.0,,,,,,,,,
Caleb Douglas,WR,Texas Tech,2026,192,6,36.8,48.06,24.7,67.1,2026_prospect,75.6,0.0,100.0,20.0,21.3,,,,,,,,,,
Brenen Thompson,WR,Mississippi State,2026,131,4,36.3,47.34,48.0,33.9,2026_prospect,50.9,0.0,0.0,22.0,31.8,14.0,,,,,,,,,
Reggie Virgil,WR,Texas Tech,2026,152,5,31.9,45.46,41.2,38.8,2026_prospect,33.2,0.0,100.0,,18.2,,,,,,,,,,
Amare Thomas,WR,Houston,2026,250,7,30.2,45.13,3.9,83.3,2026_prospect,99.9,0.0,100.0,19.0,40.2,9.0,,,,,,,,,
C.J. Daniels,WR,Miami (FL),2026,138,5,25.3,42.59,45.2,21.9,2026_prospect,32.8,0.0,0.0,,17.8,,,,,,,,,,
Shelton Sampson Jr.,WR,Louisiana-Lafayette,2026,250,7,23.3,41.93,3.9,72.6,2026_prospect,83.9,0.0,100.0,20.0,37.8,,,,,,,,,,
Anthony Evans III,WR,Mississippi State,2026,250,7,22.4,41.48,3.9,71.1,2026_prospect,81.6,0.0,100.0,20.0,23.2,47.0,,,,,,,,,
Eric McAlister,WR,TCU,2026,193,6,20.7,41.04,24.4,44.1,2026_prospect,66.2,0.0,0.0,21.0,32.4,,,,,,,,,,
Zavion Thomas,WR,LSU,2026,250,7,15.5,40.13,3.9,66.6,2026_prospect,99.9,0.0,0.0,18.0,32.7,99.0,,,,,,,,,
Eli Heidenreich,WR,Navy,2026,223,7,11.4,38.66,13.1,49.9,2026_prospect,74.9,0.0,0.0,21.0,52.8,499.0,,,,,,,,,
Cyrus Allen,WR,Cincinnati,2026,219,6,10.5,38.39,14.9,47.2,2026_prospect,70.9,0.0,0.0,21.0,31.7,34.0,,,,,,,,,
De'Zhaun Stribling,WR,Mississippi,2026,186,6,9.7,37.8,28.3,30.1,2026_prospect,45.1,0.0,0.0,22.0,20.2,,,,,,,,,,
Cody Jackson,WR,Tarleton State,2026,250,7,9.4,37.13,3.9,56.6,2026_prospect,84.9,0.0,0.0,20.0,53.4,6.0,,,,,,,,,
Noah Thomas,WR,Georgia,2026,250,7,7.9,35.58,3.9,51.4,2026_prospect,27.1,100.0,100.0,,12.1,,,,,,,,,,
London Humphreys,WR,Georgia,2026,250,7,7.4,35.25,3.9,50.3,2026_prospect,25.5,100.0,100.0,,10.5,7.0,,,,,,,,,
Jordan Hudson,WR,SMU,2026,227,7,7.4,35.34,12.0,40.6,2026_prospect,61.0,0.0,0.0,21.0,21.9,6.0,,,,,,,,,
Barion Brown,WR,LSU,2026,225,7,6.5,34.69,12.7,37.6,2026_prospect,31.4,0.0,100.0,,11.4,33.0,,,,,,,,,
Chase Roberts,WR,BYU,2026,198,6,6.5,34.09,23.3,23.3,2026_prospect,35.0,0.0,0.0,,33.0,,,,,,,,,,
Hank Beatty,WR,Illinois,2026,250,7,5.3,33.21,3.9,43.5,2026_prospect,65.3,0.0,0.0,21.0,20.6,46.0,,,,,,,,,
Ja'Varrius Johnson,WR,UCF,2026,250,7,5.0,33.01,3.9,42.9,2026_prospect,64.3,0.0,0.0,21.0,28.6,,,,,,,,,,
Aaron Anderson,WR,LSU,2026,211,6,4.5,32.16,16.9,22.9,2026_prospect,34.3,0.0,0.0,,19.3,2.0,,,,,,,,,
Ja'Mori Maclin,WR,Kentucky,2026,250,7,4.5,32.19,3.9,40.1,2026_prospect,60.2,0.0,0.0,21.0,20.4,,,,,,,,,,
Dillon Bell,WR,Georgia,2026,250,7,4.2,31.71,3.9,38.5,2026_prospect,32.8,100.0,0.0,,12.8,109.0,,,,,,,,,
Kobe Prentice,WR,Baylor,2026,250,7,3.6,31.11,3.9,36.5,2026_prospect,29.8,0.0,100.0,,14.8,,,,,,,,,,
Mikey Matthews,WR,UCLA,2026,250,7,3.6,31.1,3.9,36.5,2026_prospect,29.7,0.0,100.0,,14.7,1.0,,,,,,,,,
Kaden Wetjen,WR,Iowa,2026,212,6,3.6,30.8,16.9,18.8,2026_prospect,28.2,0.0,0.0,,8.2,79.0,,,,,,,,,
Ayden Williams,WR,Mississippi State,2026,250,7,3.3,30.49,3.9,34.5,2026_prospect,26.7,0.0,100.0,,11.7,,,,,,,,,,
Braylin Presley,WR,Tulsa,2026,250,7,3.0,30.25,3.9,33.7,2026_prospect,25.5,0.0,100.0,,5.5,215.0,,,,,,,,,
Cordale Russell,WR,Miami (OH),2026,250,7,3.0,30.1,3.9,33.2,2026_prospect,24.7,0.0,100.0,,9.7,,,,,,,,,,
Brandon Inniss,WR,Ohio State,2026,250,7,3.0,29.78,3.9,32.1,2026_prospect,23.2,0.0,100.0,,8.2,16.0,,,,,,,,,
Colbie Young,WR,Georgia,2026,250,7,3.0,29.71,3.9,31.9,2026_prospect,22.8,100.0,0.0,,7.8,,,,,,,,,,
Jalen Brown,WR,Arkansas,2026,250,7,3.0,29.59,3.9,31.5,2026_prospect,22.2,0.0,100.0,,7.2,,,,,,,,,,
Kendrick Law,WR,Kentucky,2026,250,7,3.0,30.27,3.9,33.7,2026_prospect,50.6,0.0,0.0,22.0,21.1,53.0,,,,,,,,,
Emmanuel Henderson,WR,Kansas,2026,250,7,3.0,29.69,3.9,31.8,2026_prospect,47.7,0.0,0.0,22.0,25.4,16.0,,,,,,,,,
Antonio Gates Jr.,WR,Delaware State,2026,250,7,2.7,29.21,3.9,30.2,2026_prospect,20.3,0.0,100.0,,5.3,,,,,,,,,,
Raymond Cottrell,WR,West Alabama,2026,250,7,2.4,28.61,3.9,28.2,2026_prospect,17.3,0.0,100.0,,2.3,,,,,,,,,,
Dane Key,WR,Nebraska,2026,237,7,2.4,28.55,8.4,22.4,2026_prospect,33.6,0.0,0.0,,18.6,,,,,,,,,,
Tyler Brown,WR,Clemson,2026,250,7,2.2,27.94,3.9,26.0,2026_prospect,38.9,0.0,0.0,,18.9,71.0,,,,,,,,,
Hykeem Williams,WR,Colorado,2026,250,7,2.2,28.49,3.9,27.8,2026_prospect,16.7,0.0,100.0,,1.7,,,,,,,,,,
Nathan Leacock,WR,North Carolina,2026,250,7,2.2,28.37,3.9,27.4,2026_prospect,16.1,0.0,100.0,,1.1,6.0,,,,,,,,,
Ryan Niblett,WR,Texas,2026,250,7,2.2,28.34,3.9,27.3,2026_prospect,15.9,0.0,100.0,,0.9,15.0,,,,,,,,,
Squirrel White,WR,Florida State,2026,250,7,2.2,28.32,3.9,27.2,2026_prospect,15.9,0.0,100.0,,0.9,6.0,,,,,,,,,
Jaquaize Pettaway,WR,East Carolina,2026,250,7,2.2,28.24,3.9,27.0,2026_prospect,15.5,0.0,100.0,,0.5,2.0,,,,,,,,,
Braylon James,WR,TCU,2026,250,7,2.2,28.19,3.9,26.8,2026_prospect,15.2,0.0,100.0,,0.2,,,,,,,,,,
Eric Rivers,WR,Georgia Tech,2026,242,7,2.2,28.4,5.9,24.1,2026_prospect,36.1,0.0,0.0,,16.1,56.0,,,,,,,,,
Jalen Walthall,WR,Incarnate Word,2026,250,7,2.2,28.15,3.9,26.7,2026_prospect,40.0,0.0,0.0,,55.9,50.0,,,,,,,,,
Vinny Anthony II,WR,Wisconsin,2026,250,7,2.2,28.15,3.9,26.7,2026_prospect,40.0,0.0,0.0,,28.5,27.0,,,,,,,,,
Tyren Montgomery,WR,John Carroll,2026,229,7,1.9,27.88,11.1,16.7,2026_prospect,25.0,0.0,0.0,,,,,,,,,,,,
Trebor Pena,WR,Penn State,2026,250,7,1.9,27.67,3.9,25.0,2026_prospect,37.6,0.0,0.0,,17.6,69.0,,,,,,,,,
Caullin Lacy,WR,Louisville,2026,250,7,1.9,27.48,3.9,24.4,2026_prospect,36.6,0.0,0.0,,16.6,53.0,,,,,,,,,
Rara Thomas,WR,Troy,2026,250,7,1.9,27.48,3.9,24.4,2026_prospect,36.6,0.0,0.0,23.0,23.2,39.0,,,,,,,,,
Jordan Dwyer,WR,TCU,2026,250,7,1.6,27.15,3.9,23.3,2026_prospect,35.0,0.0,0.0,,21.3,,,,,,,,,,
Griffin Wilde,WR,Northwestern,2026,250,7,1.6,27.15,3.9,23.3,2026_prospect,35.0,0.0,0.0,,41.7,5.0,,,,,,,,,
C.J. Williams,WR,Stanford,2026,250,7,1.6,27.15,3.9,23.3,2026_prospect,35.0,0.0,0.0,,35.6,,,,,,,,,,
Justus Ross-Simmons,WR,Syracuse,2026,250,7,1.6,27.15,3.9,23.3,2026_prospect,35.0,0.0,0.0,,20.7,,,,,,,,,,
Jalil Farooq,WR,Maryland,2026,250,7,1.6,27.15,3.9,23.3,2026_prospect,35.0,0.0,0.0,,20.0,8.0,,,,,,,,,
Malik Benson,WR,Oregon,2026,250,7,1.6,26.98,3.9,22.8,2026_prospect,34.1,0.0,0.0,,19.1,-4.0,,,,,,,,,
Jeff Caldwell,WR,Cincinnati,2026,250,7,1.6,26.82,3.9,22.2,2026_prospect,33.3,0.0,0.0,,18.3,,,,,,,,,,
Harrison Wallace III,WR,Mississippi,2026,250,7,1.6,26.68,3.9,21.8,2026_prospect,32.6,0.0,0.0,,17.6,,,,,,,,,,
J.Michael Sturdivant,WR,Florida,2026,250,7,1.3,26.47,3.9,21.1,2026_prospect,31.6,0.0,0.0,,16.6,1.0,,,,,,,,,
Kaleb Brown,WR,UAB,2026,250,7,1.0,24.95,3.9,16.0,2026_prospect,24.0,0.0,0.0,,9.0,5.0,,,,,,,,,
Jayden Ballard,WR,Wisconsin,2026,250,7,1.0,26.29,3.9,20.5,2026_prospect,30.7,0.0,0.0,,15.7,,,,,,,,,,
Michael Wortham,WR,Montana,2026,250,7,1.0,26.15,3.9,20.0,2026_prospect,30.0,0.0,0.0,,,345.0,,,,,,,,,
Romello Brinson,WR,SMU,2026,250,7,1.0,26.04,3.9,19.6,2026_prospect,29.4,0.0,0.0,,14.4,4.0,,,,,,,,,
E.J. Williams,WR,Indiana,2026,250,7,1.0,25.99,3.9,19.4,2026_prospect,29.2,0.0,0.0,,14.2,,,,,,,,,,
Joseph Manjack IV,WR,TCU,2026,250,7,1.0,25.69,3.9,18.5,2026_prospect,27.7,0.0,0.0,,12.7,-4.0,,,,,,,,,
Donavon Greene,WR,Virginia Tech,2026,250,7,1.0,25.67,3.9,18.4,2026_prospect,27.6,0.0,0.0,,12.6,,,,,,,,,,
Keelan Marion,WR,Miami (FL),2026,250,7,1.0,25.62,3.9,18.2,2026_prospect,27.3,0.0,0.0,,12.3,,,,,,,,,,
Kyron Ware-Hudson,WR,Penn State,2026,250,7,1.0,25.58,3.9,18.1,2026_prospect,27.2,0.0,0.0,,12.2,,,,,,,,,,
Jared Brown,WR,South Carolina,2026,250,7,1.0,25.47,3.9,17.7,2026_prospect,26.6,0.0,0.0,,6.6,33.0,,,,,,,,,
Jaron Glover,WR,Mississippi State,2026,250,7,1.0,25.43,3.9,17.6,2026_prospect,26.4,0.0,0.0,,11.4,,,,,,,,,,
Andrel Anthony,WR,Duke,2026,250,7,1.0,25.24,3.9,17.0,2026_prospect,25.4,0.0,0.0,,10.4,,,,,,,,,,
Malik McClain,WR,Arizona State,2026,250,7,1.0,25.17,3.9,16.7,2026_prospect,25.1,0.0,0.0,,10.1,,,,,,,,,,
Devin Voisin,WR,South Alabama,2026,250,7,1.0,25.15,3.9,16.7,2026_prospect,25.0,0.0,0.0,,,,,,,,,,,,
Max Tomzcak,WR,Youngstown State,2026,250,7,1.0,25.15,3.9,16.7,2026_prospect,25.0,0.0,0.0,,,,,,,,,,,,
Jerand Bradley,WR,Kansas State,2026,250,7,1.0,25.04,3.9,16.3,2026_prospect,24.4,0.0,0.0,,9.4,,,,,,,,,,
JoJo Earle,WR,UNLV,2026,250,7,1.0,24.89,3.9,15.8,2026_prospect,23.7,0.0,0.0,,3.7,102.0,,,,,,,,,
Chris Hilton,WR,LSU,2026,250,7,1.0,24.78,3.9,15.4,2026_prospect,23.1,0.0,0.0,,8.1,,,,,,,,,,
Christian Leary,WR,Western Michigan,2026,250,7,1.0,24.75,3.9,15.3,2026_prospect,23.0,0.0,0.0,,3.0,46.0,,,,,,,,,
Dacari Collins,WR,Louisville,2026,250,7,1.0,24.47,3.9,14.4,2026_prospect,21.6,0.0,0.0,,6.6,,,,,,,,,,
Deion Colzie,WR,Miami (OH),2026,250,7,1.0,24.42,3.9,14.2,2026_prospect,21.3,0.0,0.0,,6.3,,,,,,,,,,
Talyn Shettron,WR,Oklahoma State,2026,250,7,1.0,24.38,3.9,14.1,2026_prospect,21.1,0.0,0.0,,6.1,,,,,,,,,,
Tobias Merriweather,WR,Utah,2026,250,7,1.0,23.61,3.9,11.5,2026_prospect,17.3,0.0,0.0,,2.3,,,,,,,,,,
Jaden Bray,WR,West Virginia,2026,250,7,1.0,23.57,3.9,11.4,2026_prospect,17.1,0.0,0.0,,2.1,,,,,,,,,,
Andre Greene Jr.,WR,Virginia,2026,250,7,1.0,23.42,3.9,10.9,2026_prospect,16.3,0.0,0.0,,1.3,,,,,,,,,,
Kyion Grayes,WR,California,2026,250,7,1.0,23.22,3.9,10.2,2026_prospect,15.3,0.0,0.0,,0.3,,,,,,,,,,
Jayden McGowan,WR,Charlotte,2026,250,7,1.0,23.18,3.9,10.1,2026_prospect,15.1,0.0,0.0,,0.1,,,,,,,,,,
Jayden Thomas,WR,Virginia,2026,250,7,1.0,23.18,3.9,10.1,2026_prospect,15.1,0.0,0.0,,0.1,,,,,,,,,,
