player_name,position,college,draft_year,pick,round,slap_v5,dc_score,delta_vs_dc,data_type,enhanced_breakout,teammate_score,early_declare_score,production_score,speed_score,te_breakout_score,te_production_score,ras_score,breakout_age,peak_dominator,rush_yards,rec_yards,team_pass_att,nfl_hit24,nfl_hit12,nfl_first_3yr_ppg,nfl_career_ppg,nfl_best_ppr,nfl_best_ppg,breakout_data_flag,production_data_flag,athletic_data_flag,pos_rank
Jeremiyah Love,RB,Notre Dame,2026,9,1,87.9,72.2,15.7,2026_prospect,,,,88.6,60.1,,,,,,,280.0,322.0,,,,,,,,real,mnar_imputed,1
Emmett Johnson,RB,Nebraska,2026,74,3,66.5,51.0,15.5,2026_prospect,,,,91.5,40.8,,,,,,,370.0,378.0,,,,,,,,real,mnar_imputed,2
Jonah Coleman,RB,Washington,2026,73,3,66.1,51.3,14.8,2026_prospect,,,,89.7,40.8,,,,,,,354.0,370.0,,,,,,,,real,mnar_imputed,3
Mike Washington Jr.,RB,Arkansas,2026,100,3,50.5,45.0,5.5,2026_prospect,,,,65.5,40.8,,,,,,,226.0,381.0,,,,,,,,real,mnar_imputed,4
Jadarian Price,RB,Notre Dame,2026,61,2,45.3,54.3,-9.0,2026_prospect,,,,25.1,60.1,,,,,,,87.0,322.0,,,,,,,,real,mnar_imputed,5
Adam Randall,RB,Clemson,2026,190,6,32.4,27.9,4.5,2026_prospect,,,,63.2,40.8,,,,,,,254.0,474.0,,,,,,,,real,mnar_imputed,6
Kaytron Allen,RB,Penn State,2026,101,4,31.1,44.8,-13.7,2026_prospect,,,,16.1,40.8,,,,,,,68.0,339.0,,,,,,,,real,mnar_imputed,7
Desmond Reid,RB,Pittsburgh,2026,250,7,27.8,18.2,9.6,2026_prospect,,,,76.2,40.8,,,,,,,317.0,464.0,,,,,,,,real,mnar_imputed,8
Dean Connors,RB,Houston,2026,250,7,26.2,18.2,8.0,2026_prospect,,,,72.2,40.8,,,,,,,254.0,377.0,,,,,,,,real,mnar_imputed,9
Jamal Haynes,RB,Georgia Tech,2026,250,7,25.5,18.2,7.3,2026_prospect,,,,70.4,40.8,,,,,,,257.0,394.0,,,,,,,,real,mnar_imputed,10
J'Mari Taylor,RB,Virginia,2026,207,6,24.7,25.0,-0.3,2026_prospect,,,,50.7,40.8,,,,,,,253.0,492.0,,,,,,,,real,mnar_imputed,11
Demond Claiborne,RB,Wake Forest,2026,172,5,24.2,31.0,-6.8,2026_prospect,,,,34.1,40.8,,,,,,,140.0,406.0,,,,,,,,real,mnar_imputed,12
Roman Hemby,RB,Indiana,2026,183,6,23.7,29.1,-5.4,2026_prospect,,,,37.7,40.8,,,,,,,165.0,406.0,,,,,,,,real,mnar_imputed,13
Nick Singleton,RB,Penn State,2026,115,4,22.2,41.9,-19.7,2026_prospect,,,,0.9,40.8,,,,,,,219.0,,,,,,,,,real,mnar_imputed,14
Kaden Feagin,RB,Illinois,2026,250,7,20.6,18.2,2.4,2026_prospect,,,,57.8,40.8,,,,,,,188.0,372.0,,,,,,,,real,mnar_imputed,15
Seth McGowan,RB,Kentucky,2026,191,6,19.7,27.7,-8.0,2026_prospect,,,,30.9,40.8,,,,,,,126.0,367.0,,,,,,,,real,mnar_imputed,16
Sedrick Alexander,RB,Vanderbilt,2026,250,7,18.6,18.2,0.4,2026_prospect,,,,52.5,40.8,,,,,,,200.0,400.0,,,,,,,,real,mnar_imputed,17
Kadarius Calloway,RB,New Mexico State,2026,250,7,12.1,18.2,-6.1,2026_prospect,,,,35.9,40.8,,,,,,,175.0,472.0,,,,,,,,real,mnar_imputed,18
Byron Cardwell,RB,San Diego State,2026,250,7,11.2,18.2,-7.0,2026_prospect,,,,33.6,40.8,,,,,,,108.0,290.0,,,,,,,,real,mnar_imputed,19
Kaelon Black,RB,Indiana,2026,182,6,11.0,29.3,-18.3,2026_prospect,,,,4.5,40.8,,,,,,,36.0,406.0,,,,,,,,real,mnar_imputed,20
Rueben Owens,RB,Texas A&M,2026,250,7,10.0,18.2,-8.2,2026_prospect,,,,30.5,40.8,,,,,,,130.0,408.0,,,,,,,,real,mnar_imputed,21
Rahsul Faison,RB,South Carolina,2026,250,7,8.1,18.2,-10.1,2026_prospect,,,,25.6,40.8,,,,,,,118.0,342.0,,,,,,,,real,mnar_imputed,22
Dominic Richardson,RB,Tulsa,2026,250,7,7.6,18.2,-10.6,2026_prospect,,,,24.2,40.8,,,,,,,130.0,409.0,,,,,,,,real,mnar_imputed,23
Noah Whittington,RB,Oregon,2026,238,7,7.4,20.1,-12.7,2026_prospect,,,,18.8,40.8,,,,,,,98.0,437.0,,,,,,,,real,mnar_imputed,24
Jamarion Miller,RB,Alabama,2026,245,7,5.9,19.0,-13.1,2026_prospect,,,,17.9,40.8,,,,,,,109.0,523.0,,,,,,,,real,mnar_imputed,25
Richard Reese,RB,Stephen F. Austin,2026,250,7,4.6,18.2,-13.6,2026_prospect,,,,16.6,40.8,,,,,,,94.0,510.0,,,,,,,,real,mnar_imputed,26
Robert Henry Jr.,RB,UTSA,2026,215,6,4.1,23.7,-19.6,2026_prospect,,,,0.9,40.8,,,,,,,114.0,,,,,,,,,real,mnar_imputed,27
Jaydn Ott,RB,Oklahoma,2026,222,7,2.9,22.6,-19.7,2026_prospect,,,,0.9,40.8,,,,,,,,,,,,,,,,real,mnar_imputed,28
Jalen Berger,RB,UCLA,2026,250,7,2.7,18.2,-15.5,2026_prospect,,,,11.7,40.8,,,,,,,70.0,361.0,,,,,,,,real,mnar_imputed,29
Le'Veon Moss,RB,Texas A&M,2026,226,7,2.6,22.0,-19.4,2026_prospect,,,,1.8,40.8,,,,,,,3.0,408.0,,,,,,,,real,mnar_imputed,30
Kentrel Bullock,RB,South Alabama,2026,250,7,2.5,18.2,-15.7,2026_prospect,,,,11.2,40.8,,,,,,,53.0,310.0,,,,,,,,real,mnar_imputed,31
Kejon Owens,RB,Florida International,2026,250,7,2.4,18.2,-15.8,2026_prospect,,,,10.8,40.8,,,,,,,67.0,429.0,,,,,,,,real,mnar_imputed,32
Jaylon Glover,RB,UNLV,2026,250,7,1.7,18.2,-16.5,2026_prospect,,,,9.0,40.8,,,,,,,51.0,424.0,,,,,,,,real,mnar_imputed,33
C.J. Donaldson,RB,Ohio State,2026,250,7,1.0,18.2,-17.2,2026_prospect,,,,0.9,40.8,,,,,,,96.0,,,,,,,,,real,mnar_imputed,34
Max Bredeson,RB,Michigan,2026,250,7,1.0,18.2,-17.2,2026_prospect,,,,3.1,40.8,,,,,,,11.0,340.0,,,,,,,,real,mnar_imputed,34
Chip Trayanum,RB,Toledo,2026,250,7,1.0,18.2,-17.2,2026_prospect,,,,0.9,40.8,,,,,,,212.0,,,,,,,,,real,mnar_imputed,34
Terion Stewart,RB,Virginia Tech,2026,250,7,1.0,18.2,-17.2,2026_prospect,,,,4.0,40.8,,,,,,,19.0,319.0,,,,,,,,real,mnar_imputed,34
Kedrick Reescano,RB,Arizona,2026,250,7,1.0,18.2,-17.2,2026_prospect,,,,2.7,40.8,,,,,,,12.0,447.0,,,,,,,,real,mnar_imputed,34
Djay Braswell,RB,Georgia State,2026,250,7,1.0,18.2,-17.2,2026_prospect,,,,3.1,40.8,,,,,,,17.0,475.0,,,,,,,,real,mnar_imputed,34
Quinten Joyner,RB,Texas Tech,2026,250,7,1.0,18.2,-17.2,2026_prospect,,,,0.9,40.8,,,,,,,,486.0,,,,,,,,real,mnar_imputed,34
Samuel Singleton Jr.,RB,Florida State,2026,250,7,1.0,18.2,-17.2,2026_prospect,,,,0.9,40.8,,,,,,,,,,,,,,,,real,mnar_imputed,34
TreVonte Citizen,RB,McNeese State,2026,250,7,1.0,18.2,-17.2,2026_prospect,,,,0.9,40.8,,,,,,,,,,,,,,,,real,mnar_imputed,34
Branson Robinson,RB,Georgia State,2026,250,7,1.0,18.2,-17.2,2026_prospect,,,,3.6,40.8,,,,,,,22.0,475.0,,,,,,,,real,mnar_imputed,34
Savion Red,RB,Sacramento State,2026,250,7,1.0,18.2,-17.2,2026_prospect,,,,0.9,40.8,,,,,,,,308.0,,,,,,,,real,mnar_imputed,34
Andrew Paul,RB,Jacksonville State,2026,250,7,1.0,18.2,-17.2,2026_prospect,,,,4.9,40.8,,,,,,,29.0,328.0,,,,,,,,real,mnar_imputed,34
Armoni Goodwin,RB,UT Martin,2026,250,7,1.0,18.2,-17.2,2026_prospect,,,,3.1,40.8,,,,,,,18.0,443.0,,,,,,,,real,mnar_imputed,34
L.J. Johnson Jr.,RB,California,2026,250,7,1.0,18.2,-17.2,2026_prospect,,,,0.9,40.8,,,,,,,,361.0,,,,,,,,real,mnar_imputed,34
Trevion Cooley,RB,Troy,2026,250,7,1.0,18.2,-17.2,2026_prospect,,,,0.9,40.8,,,,,,,,394.0,,,,,,,,real,mnar_imputed,34
Derrick Davis Jr.,RB,Pittsburgh,2026,250,7,1.0,18.2,-17.2,2026_prospect,,,,0.9,40.8,,,,,,,,443.0,,,,,,,,real,mnar_imputed,34
Barika Kpeenu,RB,North Dakota State,2026,250,7,1.0,18.2,-17.2,2026_prospect,,,,0.9,40.8,,,,,,,211.0,,,,,,,,,real,mnar_imputed,34
Alton McCaskill IV,RB,Sam Houston State,2026,250,7,1.0,18.2,-17.2,2026_prospect,,,,0.9,40.8,,,,,,,,,,,,,,,,real,mnar_imputed,34
Logan Diggs,RB,Mississippi,2026,250,7,1.0,18.2,-17.2,2026_prospect,,,,6.7,40.8,,,,,,,56.0,523.0,,,,,,,,real,mnar_imputed,34
E.J. Smith,RB,Texas A&M,2026,250,7,1.0,18.2,-17.2,2026_prospect,,,,3.6,40.8,,,,,,,18.0,408.0,,,,,,,,real,mnar_imputed,34
Roydell Williams,RB,Florida State,2026,250,7,1.0,18.2,-17.2,2026_prospect,,,,3.6,40.8,,,,,,,19.0,339.0,,,,,,,,real,mnar_imputed,34
Cam Porter,RB,Northwestern,2026,250,7,1.0,18.2,-17.2,2026_prospect,,,,4.5,40.8,,,,,,,23.0,378.0,,,,,,,,real,mnar_imputed,34
Curtis Allen,RB,Virginia Union,2026,250,7,1.0,18.2,-17.2,2026_prospect,,,,0.9,40.8,,,,,,,,,,,,,,,,real,mnar_imputed,34
Kenyon Sadiq,TE,Oregon,2026,19,1,80.8,72.1,8.7,2026_prospect,,,,,,61.9,98.8,20.0,,14.826581943341278,,560.0,437.0,,,,,,,imputed,real,mnar_imputed,1
Eli Stowers,TE,Vanderbilt,2026,74,3,67.7,55.2,12.5,2026_prospect,,,,,,88.1,99.7,5.6,21.0,27.806563039723663,,765.0,400.0,,,,,,,real,real,mnar_imputed,2
Max Klare,TE,Ohio State,2026,81,3,65.3,53.5,11.8,2026_prospect,,,,,,88.8,95.6,5.6,20.8,30.908269317668324,,448.0,408.0,,,,,,,real,real,mnar_imputed,3
Justin Joly,TE,NC State,2026,103,4,60.8,48.5,12.3,2026_prospect,,,,,,90.6,96.2,5.6,19.3,25.55604012211077,,489.0,413.0,,,,,,,real,real,mnar_imputed,4
Michael Trigg,TE,Baylor,2026,94,3,57.9,50.5,7.4,2026_prospect,,,,,,66.2,98.1,5.6,22.8,18.670971213344096,,694.0,510.0,,,,,,,real,real,mnar_imputed,5
Jack Endries,TE,Texas,2026,125,4,51.7,43.8,7.9,2026_prospect,,,,,,80.6,85.6,5.6,21.4,18.59701492537313,,346.0,420.0,,,,,,,real,real,mnar_imputed,6
Eli Raridon,TE,Notre Dame,2026,140,5,51.6,40.8,10.8,2026_prospect,,,,,,80.6,99.4,5.6,21.8,16.19079610345986,,482.0,322.0,,,,,,,real,real,mnar_imputed,7
Dallen Bentley,TE,Utah,2026,141,5,50.6,40.6,10.0,2026_prospect,,,,,,76.9,99.4,5.6,22.5,23.16890881913304,,620.0,373.0,,,,,,,real,real,mnar_imputed,8
Tanner Koziol,TE,Houston,2026,158,5,49.8,37.4,12.4,2026_prospect,,,,,,88.1,99.4,5.6,20.3,28.34964562942963,,727.0,377.0,,,,,,,real,real,mnar_imputed,9
Joe Royer,TE,Cincinnati,2026,142,5,47.0,40.4,6.6,2026_prospect,,,,,,65.6,94.4,5.6,22.7,18.39323467230444,,416.0,363.0,,,,,,,real,real,mnar_imputed,10
Dae'Quan Wright,TE,Mississippi,2026,179,6,39.4,33.6,5.8,2026_prospect,,,,,,58.8,98.1,5.6,,13.996175908221796,,635.0,523.0,,,,,,,imputed,real,mnar_imputed,11
Oscar Delp,TE,Georgia,2026,113,4,36.5,46.3,-9.8,2026_prospect,,,,,,10.0,73.8,5.6,,8.432956381260096,,261.0,417.0,,,,,,,imputed,real,mnar_imputed,12
Jaren Kanak,TE,Oklahoma,2026,250,7,33.4,21.8,11.6,2026_prospect,,,,,,85.6,98.1,5.6,20.8,17.29200652528548,,533.0,431.0,,,,,,,real,real,mnar_imputed,13
Seydou Traore,TE,Mississippi State,2026,250,7,32.8,21.8,11.0,2026_prospect,,,,,,90.0,91.2,5.6,19.8,23.25925925925926,,372.0,390.0,,,,,,,real,real,mnar_imputed,14
Sam Roush,TE,Stanford,2026,159,5,32.2,37.2,-5.0,2026_prospect,,,,,,8.1,98.1,5.6,23.4,20.473328324567994,,545.0,391.0,,,,,,,real,real,mnar_imputed,15
John Michael Gyllenborg,TE,Wyoming,2026,178,6,32.1,33.8,-1.7,2026_prospect,,,,,,85.6,36.2,5.6,20.9,19.200351493848856,,217.0,384.0,,,,,,,real,real,mnar_imputed,16
Jack Velling,TE,Michigan State,2026,250,7,30.8,21.8,9.0,2026_prospect,,,,,,80.6,91.2,5.6,21.7,15.777351247600768,,359.0,378.0,,,,,,,real,real,mnar_imputed,17
Marlin Klein,TE,Michigan,2026,187,6,30.6,32.2,-1.6,2026_prospect,,,,,,42.5,80.0,5.6,,10.214168039538714,,248.0,340.0,,,,,,,imputed,real,mnar_imputed,18
Josh Cuevas,TE,Alabama,2026,197,6,29.9,30.4,-0.5,2026_prospect,,,,,,44.4,82.5,5.6,,10.423535379152929,,411.0,523.0,,,,,,,imputed,real,mnar_imputed,19
Riley Nowakowski,TE,Indiana,2026,211,6,29.0,28.1,0.9,2026_prospect,,,,,,42.5,91.2,5.6,,10.128238680973569,,387.0,406.0,,,,,,,imputed,real,mnar_imputed,20
Toby Payne,TE,Marshall,2026,250,7,27.9,21.8,6.1,2026_prospect,,,,,,62.5,95.6,5.6,22.9,15.770465489566613,,387.0,335.0,,,,,,,real,real,mnar_imputed,21
Nate Rutchena,TE,UC Davis,2026,250,7,26.5,21.8,4.7,2026_prospect,,,,,,66.2,85.6,5.6,,,,,,,,,,,,imputed,imputed,mnar_imputed,22
Lake McRee,TE,USC,2026,250,7,24.9,21.8,3.1,2026_prospect,,,,,,48.8,95.6,5.6,,11.564449064449065,,450.0,420.0,,,,,,,imputed,real,mnar_imputed,23
Chamon Metayer,TE,Arizona State,2026,250,7,24.5,21.8,2.7,2026_prospect,,,,,,54.4,88.1,5.6,,12.980269989615785,,375.0,430.0,,,,,,,imputed,real,mnar_imputed,24
Matthew Hibner,TE,SMU,2026,250,7,23.7,21.8,1.9,2026_prospect,,,,,,50.0,88.8,5.6,,11.825332248440466,,436.0,460.0,,,,,,,imputed,real,mnar_imputed,25
R.J. Maryland,TE,SMU,2026,250,7,22.0,21.8,0.2,2026_prospect,,,,,,56.2,74.4,5.6,,13.31619537275064,,322.0,460.0,,,,,,,imputed,real,mnar_imputed,26
Bauer Sharp,TE,LSU,2026,250,7,21.2,21.8,-0.6,2026_prospect,,,,,,60.0,66.9,5.6,,14.522635589421784,,252.0,443.0,,,,,,,imputed,real,mnar_imputed,27
Brett Norfleet,TE,Missouri,2026,250,7,20.5,21.8,-1.3,2026_prospect,,,,,,44.4,79.4,5.6,,10.39279869067103,,254.0,361.0,,,,,,,imputed,real,mnar_imputed,28
Lance Mason,TE,Wisconsin,2026,250,7,17.7,21.8,-4.1,2026_prospect,,,,,,11.9,98.8,5.6,23.4,24.312767257177764,,398.0,272.0,,,,,,,real,real,mnar_imputed,29
Carsen Ryan,TE,BYU,2026,250,7,16.6,21.8,-5.2,2026_prospect,,,,,,6.9,98.8,5.6,23.2,20.090732339598187,,620.0,403.0,,,,,,,real,real,mnar_imputed,30
Nate Boerkircher,TE,Texas A&M,2026,173,5,15.0,34.7,-19.7,2026_prospect,,,,,,4.4,33.8,5.6,,5.88410104011887,,204.0,408.0,,,,,,,imputed,real,mnar_imputed,31
Dan Villari,TE,Syracuse,2026,250,7,14.5,21.8,-7.3,2026_prospect,,,,,,4.4,91.2,5.6,24.1,15.77924601632336,,412.0,408.0,,,,,,,real,real,mnar_imputed,32
Ty Thompson,TE,Tulane,2026,250,7,14.5,21.8,-7.3,2026_prospect,,,,,,10.0,85.6,5.6,,8.252032520325203,,,425.0,,,,,,,imputed,imputed,mnar_imputed,32
Cooper Flanagan,TE,Notre Dame,2026,250,7,12.4,21.8,-9.4,2026_prospect,,,,,,0.1,85.6,5.6,,1.7421602787456445,,,322.0,,,,,,,imputed,imputed,mnar_imputed,34
DJ Rogers,TE,TCU,2026,250,7,12.3,21.8,-9.5,2026_prospect,,,,,,10.0,75.6,5.6,,8.508935716190983,,319.0,460.0,,,,,,,imputed,real,mnar_imputed,35
Miles Kitselman,TE,Tennessee,2026,250,7,11.3,21.8,-10.5,2026_prospect,,,,,,44.4,36.2,5.6,,10.465924895688456,,253.0,437.0,,,,,,,imputed,real,mnar_imputed,36
Jameson Geers,TE,Minnesota,2026,250,7,10.3,21.8,-11.5,2026_prospect,,,,,,42.5,33.8,5.6,,10.13631597343586,,206.0,399.0,,,,,,,imputed,real,mnar_imputed,37
Benji Gosnell,TE,Virginia Tech,2026,250,7,9.4,21.8,-12.4,2026_prospect,,,,,,58.1,13.8,5.6,,13.878713878713878,,86.0,319.0,,,,,,,imputed,real,mnar_imputed,38
Amari Niblack,TE,Texas A&M,2026,250,7,5.2,21.8,-16.6,2026_prospect,,,,,,45.6,6.9,5.6,,10.579100614687803,,69.0,408.0,,,,,,,imputed,real,mnar_imputed,39
Luke Hasz,TE,Mississippi,2026,250,7,4.6,21.8,-17.2,2026_prospect,,,,,,48.1,1.2,5.6,,11.244444444444444,,28.0,523.0,,,,,,,imputed,real,mnar_imputed,40
Josh Kattus,TE,Kentucky,2026,250,7,3.5,21.8,-18.3,2026_prospect,,,,,,8.8,35.6,5.6,,7.995079950799508,,195.0,367.0,,,,,,,imputed,real,mnar_imputed,41
Ethan Davis,TE,Tennessee,2026,250,7,3.1,21.8,-18.7,2026_prospect,,,,,,5.6,36.9,5.6,,6.756046267087276,,257.0,437.0,,,,,,,imputed,real,mnar_imputed,42
Andrew Rappleyea,TE,Penn State,2026,250,7,3.0,21.8,-18.8,2026_prospect,,,,,,6.2,35.6,5.6,,7.395234182415776,,180.0,339.0,,,,,,,imputed,real,mnar_imputed,43
Jaleel Skinner,TE,Louisville,2026,250,7,2.4,21.8,-19.4,2026_prospect,,,,,,5.6,33.8,5.6,,7.150368033648791,,204.0,418.0,,,,,,,imputed,real,mnar_imputed,44
Khalil Dinkins,TE,Penn State,2026,250,7,2.2,21.8,-19.6,2026_prospect,,,,,,5.6,32.5,5.6,,6.86113393590797,,167.0,339.0,,,,,,,imputed,real,mnar_imputed,45
Will Kacmarek,TE,Ohio State,2026,250,7,2.0,21.8,-19.8,2026_prospect,,,,,,11.2,26.2,5.6,,9.204545454545451,,168.0,408.0,,,,,,,imputed,real,mnar_imputed,46
Tanner Arkin,TE,Illinois,2026,250,7,1.0,21.8,-20.8,2026_prospect,,,,,,4.4,13.8,5.6,,4.948805460750854,,114.0,372.0,,,,,,,imputed,real,mnar_imputed,47
Jack Pedersen,TE,UCLA,2026,250,7,1.0,21.8,-20.8,2026_prospect,,,,,,2.5,7.5,5.6,,4.203997243280496,,72.0,361.0,,,,,,,imputed,real,mnar_imputed,47
Holden Staes,TE,Indiana,2026,250,7,1.0,21.8,-20.8,2026_prospect,,,,,,4.4,5.6,5.6,,5.472636815920398,,62.0,406.0,,,,,,,imputed,real,mnar_imputed,47
Davin Stoffel,TE,Illinois,2026,250,7,1.0,21.8,-20.8,2026_prospect,,,,,,0.1,1.2,5.6,,0.787143325680551,,24.0,372.0,,,,,,,imputed,real,mnar_imputed,47
Joey Schlaffer,TE,Penn State,2026,250,7,1.0,21.8,-20.8,2026_prospect,,,,,,0.1,1.2,5.6,,0.780608052588332,,19.0,339.0,,,,,,,imputed,real,mnar_imputed,47
Shamar Easter,TE,North Carolina,2026,250,7,1.0,21.8,-20.8,2026_prospect,,,,,,0.1,0.3,5.6,,0.8608971454463071,,17.0,355.0,,,,,,,imputed,real,mnar_imputed,47
Jordyn Tyson,WR,Arizona State,2026,10,1,81.6,77.2,4.4,2026_prospect,67.0,0.0,100.0,,,,,,19.0,36.4,4.0,,,,,,,,,real,,,1
Carnell Tate,WR,Ohio State,2026,7,1,69.9,79.0,-9.1,2026_prospect,15.0,0.0,100.0,,,,,,20.0,25.3,16.0,,,,,,,,,real,,,2
Kevin Concepcion,WR,Texas A&M,2026,26,1,65.9,69.9,-4.0,2026_prospect,34.8,0.0,100.0,,,,,,20.0,30.9,75.0,,,,,,,,,real,,,3
Denzel Boston,WR,Washington,2026,22,1,65.8,71.5,-5.7,2026_prospect,28.0,0.0,100.0,,,,,,20.0,35.0,,,,,,,,,,real,,,4
Makai Lemon,WR,USC,2026,13,1,64.3,75.6,-11.3,2026_prospect,6.2,0.0,100.0,,,,,,21.0,36.2,4.0,,,,,,,,,real,,,5
Ja'Kobi Lane,WR,USC,2026,76,3,54.5,54.4,0.1,2026_prospect,50.4,0.0,100.0,,,,,,19.0,27.6,,,,,,,,,,real,,,6
Antonio Williams,WR,Clemson,2026,68,3,51.4,56.6,-5.2,2026_prospect,30.1,0.0,100.0,,,,,,20.0,26.4,78.0,,,,,,,,,real,,,7
Omar Cooper Jr.,WR,Indiana,2026,48,2,51.0,62.3,-11.3,2026_prospect,6.2,0.0,100.0,,,,,,21.0,26.7,74.0,,,,,,,,,real,,,8
Zachariah Branch,WR,Georgia,2026,49,2,50.1,62.0,-11.9,2026_prospect,3.8,0.0,100.0,,,,,,21.0,25.2,7.0,,,,,,,,,real,,,9
Germie Bernard,WR,Alabama,2026,55,2,48.8,60.2,-11.4,2026_prospect,5.6,0.0,100.0,,,,,,21.0,21.8,101.0,,,,,,,,,real,,,10
Malachi Fields,WR,Notre Dame,2026,50,2,42.4,61.7,-19.3,2026_prospect,0.1,0.0,0.0,,,,,,,20.3,,,,,,,,,,imputed,,,11
Chris Bell,WR,Louisville,2026,51,2,42.1,61.4,-19.3,2026_prospect,0.1,0.0,0.0,,,,,,,32.7,,,,,,,,,,imputed,,,12
Chris Brazzell,WR,Tennessee,2026,57,2,41.7,59.6,-17.9,2026_prospect,5.6,0.0,0.0,,,,,,21.0,30.7,,,,,,,,,,real,,,13
Elijah Sarratt,WR,Indiana,2026,59,2,40.9,59.1,-18.2,2026_prospect,4.7,0.0,0.0,,,,,,21.0,26.8,,,,,,,,,,real,,,14
Ted Hurst,WR,Georgia State,2026,82,3,33.6,52.9,-19.3,2026_prospect,0.1,0.0,0.0,,,,,,,37.1,,,,,,,,,,imputed,,,15
Kevin Coleman Jr.,WR,Missouri,2026,121,4,30.9,43.8,-12.9,2026_prospect,0.1,0.0,100.0,,,,,,,18.3,76.0,,,,,,,,,imputed,,,16
Skyler Bell,WR,UConn,2026,99,3,30.0,48.8,-18.8,2026_prospect,2.4,0.0,0.0,,,,,,22.0,39.0,-2.0,,,,,,,,,real,,,17
Zavion Thomas,WR,LSU,2026,250,7,27.4,19.7,7.7,2026_prospect,79.6,0.0,100.0,,,,,,18.0,32.7,99.0,,,,,,,,,real,,,18
Amare Thomas,WR,Houston,2026,250,7,27.4,19.7,7.7,2026_prospect,79.6,0.0,100.0,,,,,,19.0,40.2,9.0,,,,,,,,,real,,,18
Deion Burks,WR,Oklahoma,2026,118,4,25.1,44.5,-19.4,2026_prospect,0.1,0.0,0.0,,,,,,22.0,21.9,-3.0,,,,,,,,,real,,,20
Reggie Virgil,WR,Texas Tech,2026,152,5,24.5,37.4,-12.9,2026_prospect,0.1,0.0,100.0,,,,,,,18.2,,,,,,,,,,imputed,,,21
Bryce Lance,WR,North Dakota State,2026,132,4,22.8,41.5,-18.7,2026_prospect,2.7,0.0,0.0,,,,,,22.0,37.4,92.0,,,,,,,,,real,,,22
Josh Cameron,WR,Baylor,2026,136,5,22.5,40.6,-18.1,2026_prospect,4.7,0.0,0.0,,,,,,21.0,27.2,,,,,,,,,,real,,,23
Brenen Thompson,WR,Mississippi State,2026,131,4,22.3,41.7,-19.4,2026_prospect,0.1,0.0,0.0,,,,,,22.0,31.8,14.0,,,,,,,,,real,,,24
C.J. Daniels,WR,Miami (FL),2026,138,5,20.9,40.2,-19.3,2026_prospect,0.1,0.0,0.0,,,,,,,17.8,,,,,,,,,,imputed,,,25
Caleb Douglas,WR,Texas Tech,2026,192,6,20.2,29.8,-9.6,2026_prospect,13.0,0.0,100.0,,,,,,20.0,21.3,,,,,,,,,,real,,,26
Shelton Sampson Jr.,WR,Louisiana-Lafayette,2026,250,7,14.6,19.7,-5.1,2026_prospect,30.1,0.0,100.0,,,,,,20.0,37.8,,,,,,,,,,real,,,27
Noah Thomas,WR,Georgia,2026,250,7,13.3,19.7,-6.4,2026_prospect,0.1,100.0,100.0,,,,,,,12.1,,,,,,,,,,imputed,,,28
London Humphreys,WR,Georgia,2026,250,7,13.3,19.7,-6.4,2026_prospect,0.1,100.0,100.0,,,,,,,10.5,7.0,,,,,,,,,imputed,,,28
Anthony Evans III,WR,Mississippi State,2026,250,7,12.8,19.7,-6.9,2026_prospect,23.3,0.0,100.0,,,,,,20.0,23.2,47.0,,,,,,,,,real,,,30
Lewis Bond,WR,Boston College,2026,185,6,11.7,31.0,-19.3,2026_prospect,0.1,0.0,0.0,,,,,,,36.8,3.0,,,,,,,,,imputed,,,31
De'Zhaun Stribling,WR,Mississippi,2026,186,6,11.5,30.9,-19.4,2026_prospect,0.1,0.0,0.0,,,,,,22.0,20.2,,,,,,,,,,real,,,32
Barion Brown,WR,LSU,2026,225,7,11.1,23.9,-12.8,2026_prospect,0.1,0.0,100.0,,,,,,,11.4,33.0,,,,,,,,,imputed,,,33
Eric McAlister,WR,TCU,2026,193,6,10.3,29.6,-19.3,2026_prospect,0.1,0.0,0.0,,,,,,,32.4,,,,,,,,,,imputed,,,34
Chase Roberts,WR,BYU,2026,198,6,9.3,28.7,-19.4,2026_prospect,0.1,0.0,0.0,,,,,,,33.0,,,,,,,,,,imputed,,,35
Hank Beatty,WR,Illinois,2026,250,7,8.3,19.7,-11.4,2026_prospect,5.6,0.0,100.0,,,,,,21.0,20.6,46.0,,,,,,,,,real,,,36
Eli Heidenreich,WR,Navy,2026,223,7,7.5,24.3,-16.8,2026_prospect,10.0,0.0,0.0,,,,,,21.0,52.8,499.0,,,,,,,,,real,,,37
Aaron Anderson,WR,LSU,2026,211,6,7.0,26.4,-19.4,2026_prospect,0.1,0.0,0.0,,,,,,,19.3,2.0,,,,,,,,,imputed,,,38
Kaden Wetjen,WR,Iowa,2026,212,6,6.9,26.2,-19.3,2026_prospect,0.1,0.0,0.0,,,,,,,8.2,79.0,,,,,,,,,imputed,,,39
Tyler Brown,WR,Clemson,2026,250,7,6.8,19.7,-12.9,2026_prospect,0.1,0.0,100.0,,,,,,,18.9,71.0,,,,,,,,,imputed,,,40
Dillon Bell,WR,Georgia,2026,250,7,6.8,19.7,-12.9,2026_prospect,0.1,100.0,0.0,,,,,,,12.8,109.0,,,,,,,,,imputed,,,40
Kobe Prentice,WR,Baylor,2026,250,7,6.8,19.7,-12.9,2026_prospect,0.1,0.0,100.0,,,,,,,14.8,,,,,,,,,,imputed,,,40
Mikey Matthews,WR,UCLA,2026,250,7,6.8,19.7,-12.9,2026_prospect,0.1,0.0,100.0,,,,,,,14.7,1.0,,,,,,,,,imputed,,,40
Ayden Williams,WR,Mississippi State,2026,250,7,6.8,19.7,-12.9,2026_prospect,0.1,0.0,100.0,,,,,,,11.7,,,,,,,,,,imputed,,,40
Braylin Presley,WR,Tulsa,2026,250,7,6.8,19.7,-12.9,2026_prospect,0.1,0.0,100.0,,,,,,,5.5,215.0,,,,,,,,,imputed,,,40
Cordale Russell,WR,Miami (OH),2026,250,7,6.8,19.7,-12.9,2026_prospect,0.1,0.0,100.0,,,,,,,9.7,,,,,,,,,,imputed,,,40
Kaleb Brown,WR,UAB,2026,250,7,6.8,19.7,-12.9,2026_prospect,0.1,0.0,100.0,,,,,,,9.0,5.0,,,,,,,,,imputed,,,40
Brandon Inniss,WR,Ohio State,2026,250,7,6.8,19.7,-12.9,2026_prospect,0.1,0.0,100.0,,,,,,,8.2,16.0,,,,,,,,,imputed,,,40
Colbie Young,WR,Georgia,2026,250,7,6.8,19.7,-12.9,2026_prospect,0.1,100.0,0.0,,,,,,,7.8,,,,,,,,,,imputed,,,40
Jalen Brown,WR,Arkansas,2026,250,7,6.8,19.7,-12.9,2026_prospect,0.1,0.0,100.0,,,,,,,7.2,,,,,,,,,,imputed,,,40
Antonio Gates Jr.,WR,Delaware State,2026,250,7,6.8,19.7,-12.9,2026_prospect,0.1,0.0,100.0,,,,,,,5.3,,,,,,,,,,imputed,,,40
Raymond Cottrell,WR,West Alabama,2026,250,7,6.8,19.7,-12.9,2026_prospect,0.1,0.0,100.0,,,,,,,2.3,,,,,,,,,,imputed,,,40
Hykeem Williams,WR,Colorado,2026,250,7,6.8,19.7,-12.9,2026_prospect,0.1,0.0,100.0,,,,,,,1.7,,,,,,,,,,imputed,,,40
Nathan Leacock,WR,North Carolina,2026,250,7,6.8,19.7,-12.9,2026_prospect,0.1,0.0,100.0,,,,,,,1.1,6.0,,,,,,,,,imputed,,,40
Ryan Niblett,WR,Texas,2026,250,7,6.8,19.7,-12.9,2026_prospect,0.1,0.0,100.0,,,,,,,0.9,15.0,,,,,,,,,imputed,,,40
Squirrel White,WR,Florida State,2026,250,7,6.8,19.7,-12.9,2026_prospect,0.1,0.0,100.0,,,,,,,0.9,6.0,,,,,,,,,imputed,,,40
Jaquaize Pettaway,WR,East Carolina,2026,250,7,6.8,19.7,-12.9,2026_prospect,0.1,0.0,100.0,,,,,,,0.5,2.0,,,,,,,,,imputed,,,40
Braylon James,WR,TCU,2026,250,7,6.8,19.7,-12.9,2026_prospect,0.1,0.0,100.0,,,,,,,0.2,,,,,,,,,,imputed,,,40
Cyrus Allen,WR,Cincinnati,2026,219,6,5.6,25.0,-19.4,2026_prospect,0.1,0.0,0.0,,,,,,,31.7,34.0,,,,,,,,,imputed,,,59
Jordan Hudson,WR,SMU,2026,227,7,5.2,23.6,-18.4,2026_prospect,3.8,0.0,0.0,,,,,,21.0,21.9,6.0,,,,,,,,,real,,,60
Tyren Montgomery,WR,John Carroll,2026,229,7,3.9,23.2,-19.3,2026_prospect,0.1,0.0,0.0,,,,,,,,,,,,,,,,,imputed,,,61
Dane Key,WR,Nebraska,2026,237,7,2.6,21.9,-19.3,2026_prospect,0.1,0.0,0.0,,,,,,,18.6,,,,,,,,,,imputed,,,62
Eric Rivers,WR,Georgia Tech,2026,242,7,1.7,21.1,-19.4,2026_prospect,0.1,0.0,0.0,,,,,,,16.1,56.0,,,,,,,,,imputed,,,63
Ja'Varrius Johnson,WR,UCF,2026,250,7,1.6,19.7,-18.1,2026_prospect,4.7,0.0,0.0,,,,,,21.0,28.6,,,,,,,,,,real,,,64
Kendrick Law,WR,Kentucky,2026,250,7,1.0,19.7,-18.7,2026_prospect,0.1,0.0,0.0,,,,,,22.0,21.1,53.0,,,,,,,,,real,,,65
Emmanuel Henderson,WR,Kansas,2026,250,7,1.0,19.7,-18.7,2026_prospect,0.1,0.0,0.0,,,,,,22.0,25.4,16.0,,,,,,,,,real,,,65
Jalen Walthall,WR,Incarnate Word,2026,250,7,1.0,19.7,-18.7,2026_prospect,0.1,0.0,0.0,,,,,,,55.9,50.0,,,,,,,,,imputed,,,65
Vinny Anthony II,WR,Wisconsin,2026,250,7,1.0,19.7,-18.7,2026_prospect,0.1,0.0,0.0,,,,,,,28.5,27.0,,,,,,,,,imputed,,,65
Trebor Pena,WR,Penn State,2026,250,7,1.0,19.7,-18.7,2026_prospect,0.1,0.0,0.0,,,,,,,17.6,69.0,,,,,,,,,imputed,,,65
Caullin Lacy,WR,Louisville,2026,250,7,1.0,19.7,-18.7,2026_prospect,0.1,0.0,0.0,,,,,,,16.6,53.0,,,,,,,,,imputed,,,65
Rara Thomas,WR,Troy,2026,250,7,1.0,19.7,-18.7,2026_prospect,0.1,0.0,0.0,,,,,,23.0,23.2,39.0,,,,,,,,,real,,,65
Cody Jackson,WR,Tarleton State,2026,250,7,1.0,19.7,-18.7,2026_prospect,0.1,0.0,0.0,,,,,,,53.4,6.0,,,,,,,,,imputed,,,65
Ja'Mori Maclin,WR,Kentucky,2026,250,7,1.0,19.7,-18.7,2026_prospect,0.1,0.0,0.0,,,,,,,20.4,,,,,,,,,,imputed,,,65
Jordan Dwyer,WR,TCU,2026,250,7,1.0,19.7,-18.7,2026_prospect,0.1,0.0,0.0,,,,,,,21.3,,,,,,,,,,imputed,,,65
Griffin Wilde,WR,Northwestern,2026,250,7,1.0,19.7,-18.7,2026_prospect,0.1,0.0,0.0,,,,,,,41.7,5.0,,,,,,,,,imputed,,,65
C.J. Williams,WR,Stanford,2026,250,7,1.0,19.7,-18.7,2026_prospect,0.1,0.0,0.0,,,,,,,35.6,,,,,,,,,,imputed,,,65
Justus Ross-Simmons,WR,Syracuse,2026,250,7,1.0,19.7,-18.7,2026_prospect,0.1,0.0,0.0,,,,,,,20.7,,,,,,,,,,imputed,,,65
Jalil Farooq,WR,Maryland,2026,250,7,1.0,19.7,-18.7,2026_prospect,0.1,0.0,0.0,,,,,,,20.0,8.0,,,,,,,,,imputed,,,65
Malik Benson,WR,Oregon,2026,250,7,1.0,19.7,-18.7,2026_prospect,0.1,0.0,0.0,,,,,,,19.1,-4.0,,,,,,,,,imputed,,,65
Jeff Caldwell,WR,Cincinnati,2026,250,7,1.0,19.7,-18.7,2026_prospect,0.1,0.0,0.0,,,,,,,18.3,,,,,,,,,,imputed,,,65
Harrison Wallace III,WR,Mississippi,2026,250,7,1.0,19.7,-18.7,2026_prospect,0.1,0.0,0.0,,,,,,,17.6,,,,,,,,,,imputed,,,65
J.Michael Sturdivant,WR,Florida,2026,250,7,1.0,19.7,-18.7,2026_prospect,0.1,0.0,0.0,,,,,,,16.6,1.0,,,,,,,,,imputed,,,65
Jayden Ballard,WR,Wisconsin,2026,250,7,1.0,19.7,-18.7,2026_prospect,0.1,0.0,0.0,,,,,,,15.7,,,,,,,,,,imputed,,,65
Michael Wortham,WR,Montana,2026,250,7,1.0,19.7,-18.7,2026_prospect,0.1,0.0,0.0,,,,,,,,345.0,,,,,,,,,imputed,,,65
Romello Brinson,WR,SMU,2026,250,7,1.0,19.7,-18.7,2026_prospect,0.1,0.0,0.0,,,,,,,14.4,4.0,,,,,,,,,imputed,,,65
E.J. Williams,WR,Indiana,2026,250,7,1.0,19.7,-18.7,2026_prospect,0.1,0.0,0.0,,,,,,,14.2,,,,,,,,,,imputed,,,65
Joseph Manjack IV,WR,TCU,2026,250,7,1.0,19.7,-18.7,2026_prospect,0.1,0.0,0.0,,,,,,,12.7,-4.0,,,,,,,,,imputed,,,65
Donavon Greene,WR,Virginia Tech,2026,250,7,1.0,19.7,-18.7,2026_prospect,0.1,0.0,0.0,,,,,,,12.6,,,,,,,,,,imputed,,,65
Keelan Marion,WR,Miami (FL),2026,250,7,1.0,19.7,-18.7,2026_prospect,0.1,0.0,0.0,,,,,,,12.3,,,,,,,,,,imputed,,,65
Kyron Ware-Hudson,WR,Penn State,2026,250,7,1.0,19.7,-18.7,2026_prospect,0.1,0.0,0.0,,,,,,,12.2,,,,,,,,,,imputed,,,65
Jared Brown,WR,South Carolina,2026,250,7,1.0,19.7,-18.7,2026_prospect,0.1,0.0,0.0,,,,,,,6.6,33.0,,,,,,,,,imputed,,,65
Jaron Glover,WR,Mississippi State,2026,250,7,1.0,19.7,-18.7,2026_prospect,0.1,0.0,0.0,,,,,,,11.4,,,,,,,,,,imputed,,,65
Andrel Anthony,WR,Duke,2026,250,7,1.0,19.7,-18.7,2026_prospect,0.1,0.0,0.0,,,,,,,10.4,,,,,,,,,,imputed,,,65
Malik McClain,WR,Arizona State,2026,250,7,1.0,19.7,-18.7,2026_prospect,0.1,0.0,0.0,,,,,,,10.1,,,,,,,,,,imputed,,,65
Devin Voisin,WR,South Alabama,2026,250,7,1.0,19.7,-18.7,2026_prospect,0.1,0.0,0.0,,,,,,,,,,,,,,,,,imputed,,,65
Max Tomzcak,WR,Youngstown State,2026,250,7,1.0,19.7,-18.7,2026_prospect,0.1,0.0,0.0,,,,,,,,,,,,,,,,,imputed,,,65
Jerand Bradley,WR,Kansas State,2026,250,7,1.0,19.7,-18.7,2026_prospect,0.1,0.0,0.0,,,,,,,9.4,,,,,,,,,,imputed,,,65
JoJo Earle,WR,UNLV,2026,250,7,1.0,19.7,-18.7,2026_prospect,0.1,0.0,0.0,,,,,,,3.7,102.0,,,,,,,,,imputed,,,65
Chris Hilton,WR,LSU,2026,250,7,1.0,19.7,-18.7,2026_prospect,0.1,0.0,0.0,,,,,,,8.1,,,,,,,,,,imputed,,,65
Christian Leary,WR,Western Michigan,2026,250,7,1.0,19.7,-18.7,2026_prospect,0.1,0.0,0.0,,,,,,,3.0,46.0,,,,,,,,,imputed,,,65
Dacari Collins,WR,Louisville,2026,250,7,1.0,19.7,-18.7,2026_prospect,0.1,0.0,0.0,,,,,,,6.6,,,,,,,,,,imputed,,,65
Deion Colzie,WR,Miami (OH),2026,250,7,1.0,19.7,-18.7,2026_prospect,0.1,0.0,0.0,,,,,,,6.3,,,,,,,,,,imputed,,,65
Talyn Shettron,WR,Oklahoma State,2026,250,7,1.0,19.7,-18.7,2026_prospect,0.1,0.0,0.0,,,,,,,6.1,,,,,,,,,,imputed,,,65
Tobias Merriweather,WR,Utah,2026,250,7,1.0,19.7,-18.7,2026_prospect,0.1,0.0,0.0,,,,,,,2.3,,,,,,,,,,imputed,,,65
Jaden Bray,WR,West Virginia,2026,250,7,1.0,19.7,-18.7,2026_prospect,0.1,0.0,0.0,,,,,,,2.1,,,,,,,,,,imputed,,,65
Andre Greene Jr.,WR,Virginia,2026,250,7,1.0,19.7,-18.7,2026_prospect,0.1,0.0,0.0,,,,,,,1.3,,,,,,,,,,imputed,,,65
Kyion Grayes,WR,California,2026,250,7,1.0,19.7,-18.7,2026_prospect,0.1,0.0,0.0,,,,,,,0.3,,,,,,,,,,imputed,,,65
Jayden McGowan,WR,Charlotte,2026,250,7,1.0,19.7,-18.7,2026_prospect,0.1,0.0,0.0,,,,,,,0.1,,,,,,,,,,imputed,,,65
Jayden Thomas,WR,Virginia,2026,250,7,1.0,19.7,-18.7,2026_prospect,0.1,0.0,0.0,,,,,,,0.1,,,,,,,,,,imputed,,,65
