player_name,position,draft_year,pick,round,college,seasons_played,best_rank,best_ppr,hit24,hit12,RAS,breakout_age,peak_dominator,birthdate,declare_status,early_declare,draft_age,declare_source,rush_attempts,rush_yards,rush_touchdowns,rush_games,rush_source,rush_tds
Amari Cooper,WR,2015,4,1,Alabama,9,12.0,253.6,1,1,8.57,19.0,47.19794344473008,1994-06-17,EARLY,1,20.0,existing,5.0,23.0,0.0,13,cfbd,
Kevin White,WR,2015,7,1,West Virginia,9,119.0,38.6,0,0,9.72,19.0,36.78718757583111,1992-10-21,STANDARD,0,22.0,existing,0.0,0.0,0.0,13,cfbd_confirmed_zero,
DeVante Parker,WR,2015,14,1,Louisville,9,13.0,246.2,1,0,9.75,19.0,24.79291384929009,1993-01-20,STANDARD,0,22.0,existing,0.0,0.0,0.0,13,cfbd_confirmed_zero,
Nelson Agholor,WR,2015,20,1,USC,9,18.0,222.1,1,0,7.38,20.0,32.41003032237472,1993-05-24,EARLY,1,21.0,existing,4.0,3.0,0.0,13,cfbd,
Breshad Perriman,WR,2015,26,1,Central Florida,9,53.0,138.1,0,0,9.95,20.0,36.62961752206604,1993-09-10,EARLY,1,21.0,existing,1.0,0.0,0.0,13,cfbd,
Phillip Dorsett,WR,2015,29,1,Miami (FL),9,71.0,105.9,0,0,8.47,19.0,37.13870610663551,1993-01-05,STANDARD,0,22.0,existing,2.0,-6.0,0.0,13,cfbd,
Devin Smith,WR,2015,37,2,Ohio St.,9,142.0,26.5,0,0,8.61,19.0,26.843038267370613,1992-03-03,LATE,0,23.0,existing,24.0,3.0,0.0,13,cfbd,
Dorial Green-Beckham,WR,2015,40,2,Oklahoma,9,62.0,112.9,0,0,6.3,20.0,31.8265901221068,1993-04-12,STANDARD,0,22.0,existing,0.0,0.0,0.0,13,cfbd_confirmed_zero,
Devin Funchess,WR,2015,41,2,Michigan,9,999.0,0.0,0,0,5.26,20.0,37.94809010773752,1994-05-21,EARLY,1,20.0,existing,2.0,-11.0,0.0,13,cfbd,
Tyler Lockett,WR,2015,69,3,Kansas St.,9,5.0,274.0,1,1,7.71,19.0,44.18873940973839,1992-09-28,STANDARD,0,22.0,existing,3.0,17.0,0.0,13,cfbd,
Jaelen Strong,WR,2015,70,3,Arizona St.,9,109.0,50.8,0,0,9.14,20.0,31.086647257328124,1994-01-25,EARLY,1,21.0,existing,0.0,0.0,0.0,13,cfbd_confirmed_zero,
Chris Conley,WR,2015,76,3,Georgia,9,45.0,156.5,0,0,9.68,19.0,29.589562024652505,1992-10-25,STANDARD,0,22.0,existing,0.0,0.0,0.0,13,cfbd_confirmed_zero,
Sammie Coates,WR,2015,87,3,Auburn,9,90.0,83.3,0,0,9.86,20.0,27.548555654145712,1993-03-31,STANDARD,0,22.0,existing,0.0,0.0,0.0,13,cfbd_confirmed_zero,
Ty Montgomery,WR,2015,94,3,Stanford,9,45.0,179.3,0,0,7.75,19.0,17.60709504685408,1993-01-22,STANDARD,0,22.0,existing,23.0,144.0,1.0,13,cfbd,
Jamison Crowder,WR,2015,105,4,Duke,9,29.0,197.7,0,0,1.31,19.0,31.59358487067767,1993-06-17,EARLY,1,21.0,existing,2.0,9.0,0.0,13,cfbd,
Justin Hardy,WR,2015,107,4,East Carolina,9,96.0,69.1,0,0,4.87,19.0,31.578877139140005,1991-12-18,LATE,0,23.0,existing,1.0,7.0,1.0,13,cfbd,
Vince Mayle,WR,2015,123,4,Washington St.,9,176.0,6.2,0,0,4.63,21.0,22.93614794138172,1991-11-16,LATE,0,23.0,existing,0.0,0.0,0.0,13,cfbd_confirmed_zero,
DeAndre Smelter,WR,2015,132,4,Georgia Tech,9,182.0,3.3000000000000003,0,0,3.984833334553294,21.0,37.88213047589032,1991-12-03,LATE,0,23.0,existing,3.0,103.0,1.0,13,cfbd,
Rashad Greene,WR,2015,139,5,Florida St.,9,125.0,40.3,0,0,5.37,19.0,17.616,1992-09-23,STANDARD,0,22.0,existing,0.0,0.0,0.0,13,cfbd_confirmed_zero,
Stefon Diggs,WR,2015,146,5,Maryland,9,2.0,391.7000000000001,1,1,5.66,20.0,26.98953986433075,1993-11-29,EARLY,1,21.0,existing,5.0,28.0,0.0,13,cfbd,
Tony Lippett,WR,2015,156,5,Michigan St.,9,999.0,0.0,0,0,3.99,20.0,38.63269062422842,1992-08-12,STANDARD,0,22.0,existing,2.0,51.0,1.0,13,cfbd,
JJ Nelson,WR,2015,159,5,Ala-Birmingham,9,999.0,0.0,0,0,7.92,19.0,24.18412188538669,1992-04-24,LATE,0,23.0,existing,5.0,45.0,0.0,13,cfbd,
Kenny Bell,WR,2015,162,5,Nebraska,9,999.0,0.0,0,0,9.2,19.0,26.79089590134204,1992-02-25,LATE,0,23.0,existing,0.0,0.0,0.0,13,cfbd_confirmed_zero,
Keith Mumphery,WR,2015,175,5,Michigan St.,9,141.0,26.9,0,0,4.36,20.0,12.991290880114924,1992-06-05,STANDARD,0,22.0,existing,6.0,85.0,1.0,13,cfbd,
Kaelin Clay,WR,2015,184,6,Utah,9,134.0,23.4,0,0,2.18,19.0,20.17509727626459,1992-01-02,LATE,0,23.0,existing,4.0,4.0,0.0,13,cfbd,
Geremy Davis,WR,2015,186,6,Connecticut,9,174.0,6.8,0,0,9.66,19.0,32.052,1992-01-10,LATE,0,23.0,existing,23.0,203.0,1.0,13,web_research,
Evan Spencer,WR,2015,187,6,Ohio St.,9,999.0,0.0,0,0,8.37,19.0,5.581139928320937,1993-05-26,EARLY,1,21.0,existing,1.0,9.0,0.0,13,cfbd,
Bud Sasser,WR,2015,201,6,Missouri,9,999.0,0.0,0,0,7.45,20.0,42.93882175226586,1991-08-25,LATE,0,23.0,existing,0.0,0.0,0.0,13,cfbd_confirmed_zero,
Darren Waller,WR,2015,204,6,Georgia Tech,9,999.0,0.0,0,0,5.236019038420589,20.0,27.81995816978483,1992-09-13,STANDARD,0,22.0,existing,0.0,0.0,0.0,13,cfbd_confirmed_zero,
Neal Sterling,WR,2015,220,7,Monmouth,9,999.0,0.0,0,0,6.62,19.0,14.099,1992-04-11,LATE,0,23.0,existing,,,,13,unknown_fcs,
Andre Debose,WR,2015,221,7,Florida,9,999.0,0.0,0,0,8.13,19.0,-0.0694766095414543,1990-09-12,LATE,0,24.0,existing,2.0,30.0,0.0,13,cfbd,
Da'Ron Brown,WR,2015,233,7,Northern Illinois,9,999.0,0.0,0,0,8.12,19.0,35.5923743907929,1991-09-21,LATE,0,23.0,existing,10.0,108.0,1.0,13,cfbd,
Dezmin Lewis,WR,2015,234,7,Central Arkansas,9,197.0,0.0,0,0,4.77,19.0,16.387,1992-12-05,STANDARD,0,22.0,existing,1.0,0.0,0.0,13,cfbd,
Mario Alford,WR,2015,238,7,West Virginia,9,187.0,2.5,0,0,5.4,19.0,32.619509827711724,1992-02-25,LATE,0,23.0,existing,2.0,14.0,0.0,13,cfbd,
Tre McBride,WR,2015,245,7,William & Mary,9,136.0,22.4,0,0,9.56,,,1992-12-01,STANDARD,0,22.0,existing,3.0,6.0,0.0,13,cfbd,
Corey Coleman,WR,2016,15,1,Baylor,8,83.0,93.3,0,0,9.66,21.0,40.83301130325573,1994-07-06,EARLY,1,21.0,existing,22.0,113.0,,12,pff,0.0
Will Fuller,WR,2016,21,1,Notre Dame,8,34.0,188.9,0,0,7.17,21.0,17.597,1994-04-16,STANDARD,0,22.0,existing,0.0,0.0,,13,pff,0.0
Josh Doctson,WR,2016,22,1,TCU,8,59.0,119.8,0,0,9.41,22.0,32.63767079352645,1992-12-03,LATE,0,23.0,existing,2.0,7.0,,10,pff,0.0
Laquon Treadwell,WR,2016,23,1,Mississippi,8,89.0,82.4,0,0,3.33,20.0,28.964113340118857,1995-06-14,EARLY,1,20.0,existing,0.0,0.0,,13,pff,0.0
Sterling Shepard,WR,2016,40,2,Oklahoma,8,31.0,194.7,0,0,7.62,22.0,30.5495703812702,1993-02-10,LATE,0,23.0,existing,1.0,5.0,,13,pff,0.0
Michael Thomas,WR,2016,47,2,Ohio St.,8,1.0,388.6,1,1,9.11,22.0,39.59052417193697,1993-03-03,LATE,0,23.0,existing,0.0,0.0,,13,pff,0.0
Tyler Boyd,WR,2016,55,2,Pittsburgh,8,18.0,222.9,1,0,4.27,20.0,32.970137207425346,1994-11-15,EARLY,1,21.0,existing,37.0,325.0,,12,pff,0.0
Braxton Miller,WR,2016,85,3,Ohio St.,8,118.0,41.3,0,0,8.59,22.0,14.839747025404654,1992-11-30,LATE,0,23.0,existing,42.0,260.0,,13,pff,1.0
Leonte Carroo,WR,2016,86,3,Rutgers,8,155.0,18.8,0,0,6.96,21.0,42.593455469660064,1994-01-24,STANDARD,0,22.0,existing,0.0,0.0,,8,pff,0.0
Chris Moore,WR,2016,107,4,Cincinnati,8,63.0,115.1,0,0,7.96,22.0,21.36582382029759,1993-06-16,STANDARD,0,22.0,existing,2.0,10.0,,12,pff,0.0
Malcolm Mitchell,WR,2016,112,4,Georgia,8,72.0,110.6,0,0,8.08,23.0,35.83303645647785,1992-07-20,LATE,0,23.0,existing,0.0,0.0,,13,pff,0.0
Ricardo Louis,WR,2016,114,4,Auburn,8,94.0,62.7,0,0,9.23,21.0,31.942735447231424,1994-03-23,STANDARD,0,22.0,existing,29.0,158.0,,13,pff,1.0
Pharoh Cooper,WR,2016,117,4,South Carolina,8,105.0,55.5,0,0,2.06,20.0,43.06756437514765,1995-03-07,EARLY,1,21.0,existing,23.0,116.0,,12,pff,1.0
Demarcus Robinson,WR,2016,126,4,Florida,8,55.0,137.2,0,0,5.86,21.0,14.003104518799589,1994-09-21,EARLY,1,21.0,existing,1.0,1.0,,13,pff,0.0
Tajae Sharpe,WR,2016,140,5,Massachusetts,8,74.0,105.3,0,0,5.3,20.0,35.2319309600863,1994-12-23,EARLY,1,21.0,existing,1.0,-3.0,,12,pff,0.0
Jordan Payton,WR,2016,154,5,UCLA,8,194.0,1.3,0,0,6.84,22.0,28.377117427505027,1993-09-01,STANDARD,0,22.0,existing,0.0,0.0,,13,pff,0.0
Trevor Davis,WR,2016,163,5,California,8,138.0,30.4,0,0,9.14,22.0,10.640335587181797,1993-07-04,STANDARD,0,22.0,existing,3.0,4.0,,13,pff,0.0
Tyreek Hill,WR,2016,165,5,West Alabama,8,2.0,393.6,1,1,9.39,21.0,19.39688715953307,1994-03-01,STANDARD,0,22.0,existing,25.0,237.0,1.0,13,web_research,
Rashard Higgins,WR,2016,172,5,Colorado St.,8,59.0,139.5,0,0,1.65,21.0,34.575604272062954,1994-10-07,EARLY,1,21.0,existing,1.0,20.0,,12,pff,0.0
Moritz Boehringer,WR,2016,180,6,,8,999.0,0.0,0,0,9.98,22.0,,1993-08-20,STANDARD,0,22.0,existing,,,,13,no_college_data,
Jakeem Grant,WR,2016,186,6,Texas Tech,8,94.0,81.3,0,0,6.39,22.0,25.38492027195951,1992-10-30,LATE,0,23.0,existing,7.0,69.0,,13,pff,2.0
Kolby Listenbee,WR,2016,192,6,TCU,8,999.0,0.0,0,0,7.91,21.0,13.01862479635338,1994-01-25,STANDARD,0,22.0,existing,1.0,11.0,,11,pff,0.0
Cody Core,WR,2016,199,6,Mississippi,8,123.0,37.0,0,0,7.38,21.0,13.114883278064156,1994-04-17,STANDARD,0,22.0,existing,1.0,0.0,,13,pff,0.0
Mike Thomas,WR,2016,206,6,Southern Miss,8,140.0,30.3,0,0,7.66,21.0,32.567157712305026,1994-08-16,EARLY,1,21.0,existing,0.0,0.0,,13,pff,0.0
Aaron Burbridge,WR,2016,213,6,Michigan St.,8,152.0,15.8,0,0,2.78,21.0,32.64421610716213,1993-12-23,STANDARD,0,22.0,existing,9.0,44.0,,14,pff,0.0
Devin Lucien,WR,2016,225,7,Arizona St.,8,999.0,0.0,0,0,6.68,22.0,27.14861504159163,1993-06-26,STANDARD,0,22.0,existing,0.0,0.0,,13,pff,0.0
Demarcus Ayers,WR,2016,229,7,Houston,8,999.0,0.0,0,0,0.89,21.0,31.208983711140743,1994-07-07,EARLY,1,21.0,existing,24.0,150.0,,14,pff,1.0
Daniel Braverman,WR,2016,230,7,Western Michigan,8,197.0,0.0,0,0,2.56,22.0,39.946955513952034,1993-09-28,STANDARD,0,22.0,existing,2.0,13.0,,13,pff,0.0
Devin Fuller,WR,2016,238,7,UCLA,8,999.0,0.0,0,0,8.34,21.0,17.597,1994-01-29,STANDARD,0,22.0,existing,0.0,0.0,,10,pff,0.0
Charone Peake,WR,2016,241,7,Clemson,8,121.0,37.6,0,0,5.76,22.0,15.329456731240404,1992-10-16,LATE,0,23.0,existing,0.0,0.0,,15,pff,0.0
Kenny Lawler,WR,2016,243,7,California,8,999.0,0.0,0,0,2.09,21.0,25.33983310028668,1994-06-25,EARLY,1,21.0,existing,1.0,5.0,,13,pff,0.0
Corey Davis,WR,2017,5,1,Western Michigan,7,29.0,191.4,0,0,3.774076683073437,21.0,50.01629656314061,1995-01-11,STANDARD,0,22.0,existing,1.0,0.0,,14,pff,0.0
Mike Williams,WR,2017,7,1,Clemson,7,14.0,246.6,1,0,7.24,22.0,25.807768239391315,1994-10-04,STANDARD,0,22.0,existing,0.0,0.0,,15,pff,0.0
John Ross,WR,2017,9,1,Washington,7,75.0,95.0,0,0,9.5,20.0,33.95593166589344,1995-11-27,EARLY,1,21.0,existing,8.0,102.0,,14,pff,1.0
Zay Jones,WR,2017,37,2,East Carolina,7,19.0,232.8,1,0,9.71,21.0,37.032939546696426,1995-03-30,STANDARD,0,22.0,existing,4.0,24.0,,12,pff,0.0
Curtis Samuel,WR,2017,40,2,Ohio St.,7,28.0,212.1,0,0,7.45,20.0,29.013498188255472,1996-08-11,EARLY,1,20.0,existing,97.0,770.0,,13,pff,8.0
JuJu Smith-Schuster,WR,2017,62,2,USC,7,9.0,296.90000000000003,1,1,7.33,19.0,27.87069132741273,1996-11-22,EARLY,1,20.0,existing,5.0,27.0,,13,pff,0.0
Cooper Kupp,WR,2017,69,3,Eastern Washington,7,1.0,554.8,1,1,5.0,23.0,40.43172199028697,1993-06-15,LATE,0,23.0,existing,2.0,29.0,0.0,13,cfbd,
Taywan Taylor,WR,2017,72,3,Western Kentucky,7,83.0,87.6,0,0,8.7,21.0,38.576021886388645,1995-03-02,STANDARD,0,22.0,existing,6.0,36.0,,14,pff,0.0
ArDarius Stewart,WR,2017,79,3,Alabama,7,146.0,16.900000000000002,0,0,5.89,22.0,29.081508219111264,1993-12-08,LATE,0,23.0,existing,8.0,68.0,,12,pff,0.0
Carlos Henderson,WR,2017,82,3,Louisiana Tech,7,999.0,0.0,0,0,5.75,20.0,37.18050114061836,1995-10-28,EARLY,1,21.0,existing,14.0,133.0,,13,pff,2.0
Chris Godwin,WR,2017,84,3,Penn St.,7,3.0,276.1,1,1,9.66,20.0,32.41757203589985,1996-02-27,EARLY,1,21.0,existing,1.0,13.0,,14,pff,0.0
Kenny Golladay,WR,2017,96,3,Northern Illinois,7,11.0,248.0,1,1,8.94,22.0,41.58753709198813,1993-11-03,LATE,0,23.0,existing,21.0,195.0,,12,pff,2.0
Chad Williams,WR,2017,98,3,Grambling St.,7,127.0,41.0,0,0,9.01,21.0,37.137,1994-10-19,STANDARD,0,22.0,existing,0.0,0.0,0.0,13,cfbd_confirmed_zero,
Amara Darboh,WR,2017,106,3,Michigan,7,150.0,15.1,0,0,9.6,22.0,33.138606676342526,1994-02-01,LATE,0,23.0,existing,0.0,0.0,,13,pff,0.0
Dede Westbrook,WR,2017,110,4,Oklahoma,7,34.0,175.5,0,0,4.84,22.0,38.15991108566424,1993-11-21,LATE,0,23.0,existing,10.0,101.0,,13,pff,0.0
Josh Reynolds,WR,2017,117,4,Texas A&M,7,45.0,156.0,0,0,9.1,21.0,39.66174253843835,1995-02-16,STANDARD,0,22.0,existing,0.0,0.0,,13,pff,0.0
Mack Hollins,WR,2017,118,4,North Carolina,7,47.0,154.0,0,0,3.951656238011448,23.0,10.72072072072072,1993-09-16,LATE,0,23.0,existing,0.0,0.0,,7,pff,0.0
Josh Malone,WR,2017,128,4,Tennessee,7,140.0,18.5,0,0,7.03,20.0,35.32027649769585,1996-03-21,EARLY,1,21.0,existing,0.0,0.0,,13,pff,0.0
Ryan Switzer,WR,2017,133,4,North Carolina,7,97.0,69.4,0,0,4.83,21.0,24.58934662818158,1994-11-04,STANDARD,0,22.0,existing,2.0,11.0,,13,pff,0.0
Jehu Chesson,WR,2017,139,4,Michigan,7,182.0,3.8,0,0,7.94,22.0,14.0711175616836,1993-12-20,LATE,0,23.0,existing,12.0,63.0,,13,pff,1.0
Chad Hansen,WR,2017,141,4,California,7,121.0,46.6,0,0,7.39,21.0,32.10759303721489,1995-01-18,STANDARD,0,22.0,existing,0.0,0.0,,10,pff,0.0
Shelton Gibson,WR,2017,166,5,West Virginia,7,178.0,5.800000000000001,0,0,3.98,21.0,29.60836650636232,1995-03-20,STANDARD,0,22.0,existing,2.0,29.0,,13,pff,0.0
Rodney Adams,WR,2017,170,5,South Florida,7,227.0,0.0,0,0,6.02,22.0,22.868530782438068,1994-09-15,STANDARD,0,22.0,existing,20.0,216.0,,13,pff,5.0
Isaiah McKenzie,WR,2017,172,5,Georgia,7,57.0,122.8,0,0,6.36,21.0,34.459493041749504,1995-04-09,STANDARD,0,22.0,existing,19.0,134.0,,13,pff,2.0
DeAngelo Yancey,WR,2017,175,5,Purdue,7,999.0,0.0,0,0,9.08,21.0,33.43599886973722,1994-11-18,STANDARD,0,22.0,existing,0.0,0.0,,12,pff,0.0
Trent Taylor,WR,2017,177,5,Louisiana Tech,7,69.0,98.0,0,0,4.0,22.0,31.675131776850247,1994-04-30,LATE,0,23.0,existing,0.0,0.0,,14,pff,0.0
Robert Davis,WR,2017,209,6,Georgia St.,7,196.0,3.7,0,0,9.79,21.0,31.084900965462325,1995-04-02,STANDARD,0,22.0,existing,0.0,0.0,,12,pff,0.0
Stacy Coley,WR,2017,219,7,Miami (FL),7,200.0,0.0,0,0,4.46,22.0,27.24466891133558,1994-05-13,STANDARD,0,22.0,existing,0.0,0.0,,13,pff,0.0
David Moore,WR,2017,226,7,East Central (OK),7,68.0,120.3,0,0,8.99,21.0,25.707,1995-01-15,STANDARD,0,22.0,existing,,74.0,1.0,13,web_research_partial,
Isaiah Ford,WR,2017,237,7,Virginia Tech,7,110.0,55.6,0,0,5.05,20.0,26.21121728877392,1996-02-09,EARLY,1,21.0,existing,6.0,33.0,,14,pff,0.0
Noah Brown,WR,2017,239,7,Ohio St.,7,58.0,122.4,0,0,6.88,20.0,20.6891544270185,1996-01-06,EARLY,1,21.0,existing,0.0,0.0,,13,pff,0.0
Malachi Dupre,WR,2017,247,7,LSU,7,999.0,0.0,0,0,7.2,21.0,25.49868478737396,1995-10-12,EARLY,1,21.0,existing,0.0,0.0,,12,pff,0.0
D.J. Moore,WR,2018,24,1,Maryland,6,18.0,238.1,1,0,9.65,20.0,53.29037800687285,1997-04-14,EARLY,1,21.0,existing,5.0,61.0,,12,pff,1.0
Calvin Ridley,WR,2018,26,1,Alabama,6,7.0,281.5,1,1,5.12,22.0,26.783076598438488,1994-12-20,LATE,0,23.0,existing,2.0,17.0,,14,pff,0.0
Courtland Sutton,WR,2018,40,2,SMU,6,16.0,247.6,1,0,9.81,22.0,31.33328350958484,1995-10-10,STANDARD,0,22.0,existing,1.0,2.0,,13,pff,1.0
Dante Pettis,WR,2018,44,2,Washington,6,74.0,103.5,0,0,8.172682926829268,21.0,31.628272346955555,1995-10-23,STANDARD,0,22.0,existing,4.0,37.0,,13,pff,0.0
Christian Kirk,WR,2018,47,2,Texas A&M,6,9.0,285.7,1,1,6.23,20.0,36.79647052274119,1996-11-18,EARLY,1,21.0,existing,4.0,31.0,,13,pff,0.0
Anthony Miller,WR,2018,51,2,Memphis,6,59.0,127.5,0,0,9.27,23.0,39.86222732491389,1994-10-09,LATE,0,23.0,existing,9.0,27.0,,13,pff,0.0
James Washington,WR,2018,60,2,Oklahoma St.,6,57.0,133.5,0,0,5.55,21.0,32.87691724141616,1996-04-02,STANDARD,0,22.0,existing,3.0,12.0,,13,pff,1.0
DJ Chark,WR,2018,61,2,LSU,6,61.0,115.5,0,0,9.94,21.0,25.345268542199488,1996-09-23,EARLY,1,21.0,existing,12.0,63.0,,13,pff,1.0
Michael Gallup,WR,2018,81,3,Colorado St.,6,28.0,212.7,0,0,5.87,21.0,30.665964727559885,1996-03-04,STANDARD,0,22.0,existing,0.0,0.0,,13,pff,0.0
Tre'Quan Smith,WR,2018,91,3,Central Florida,6,66.0,126.6,0,0,6.85,21.0,30.68050081150012,1996-01-07,STANDARD,0,22.0,existing,5.0,23.0,,13,pff,1.0
Keke Coutee,WR,2018,103,4,Texas Tech,6,80.0,90.7,0,0,5.64,20.0,30.75643812158335,1997-01-14,EARLY,1,21.0,existing,5.0,15.0,,13,pff,0.0
Antonio Callaway,WR,2018,105,4,Florida,6,56.0,132.3,0,0,6.2,20.0,21.18538324420677,1997-01-09,EARLY,1,21.0,existing,5.0,31.0,,12,pff,1.0
DaeSean Hamilton,WR,2018,113,4,Penn St.,6,99.0,66.3,0,0,8.09,22.0,25.422521208907742,1995-03-10,LATE,0,23.0,existing,1.0,2.0,,13,pff,0.0
Jaleel Scott,WR,2018,132,4,New Mexico St.,6,205.0,2.6,0,0,7.6,22.0,27.616366743741832,1995-02-23,LATE,0,23.0,existing,0.0,0.0,,13,pff,0.0
J'Mon Moore,WR,2018,133,4,Missouri,6,188.0,3.5,0,0,8.43,22.0,24.848182724553613,1995-05-23,STANDARD,0,22.0,existing,0.0,0.0,,13,pff,0.0
Justin Watson,WR,2018,144,5,Pennsylvania,6,72.0,104.0,0,0,9.61,21.0,11.674,1996-04-04,STANDARD,0,22.0,existing,11.0,52.0,0.0,13,web_research,
Daurice Fountain,WR,2018,159,5,Northern Iowa,6,197.0,4.300000000000001,0,0,7.98,21.0,,1995-12-22,STANDARD,0,22.0,existing,0.0,0.0,0.0,13,cfbd_confirmed_zero,
Jordan Lasley,WR,2018,162,5,UCLA,6,999.0,0.0,0,0,4.47,20.0,28.753569897317767,1996-11-13,EARLY,1,21.0,existing,4.0,-6.0,,9,pff,0.0
Marquez Valdes-Scantling,WR,2018,174,5,South Florida,6,43.0,166.1,0,0,9.26,23.0,26.713759625041845,1994-10-10,LATE,0,23.0,existing,8.0,108.0,,12,pff,1.0
Damion Ratley,WR,2018,175,6,Texas A&M,6,128.0,38.0,0,0,9.02,22.0,24.260980905194007,1995-04-16,LATE,0,23.0,existing,0.0,0.0,,13,pff,0.0
Deon Cain,WR,2018,185,6,Clemson,6,144.0,21.4,0,0,6.47,21.0,28.778390337026533,1996-08-09,EARLY,1,21.0,existing,0.0,0.0,,14,pff,0.0
Ray-Ray McCloud,WR,2018,187,6,Clemson,6,50.0,142.5,0,0,3.71,20.0,10.569323270709557,1996-10-15,EARLY,1,21.0,existing,5.0,28.0,,14,pff,0.0
Dylan Cantrell,WR,2018,191,6,Texas Tech,6,999.0,0.0,0,0,9.86,23.0,19.40525587828493,1994-06-29,LATE,0,23.0,existing,1.0,3.0,,13,pff,1.0
Russell Gage,WR,2018,194,6,LSU,6,38.0,175.5,0,0,8.0,21.0,14.21105304125431,1996-01-22,STANDARD,0,22.0,existing,28.0,232.0,,13,pff,1.0
Tremon Smith,WR,2018,196,6,Central Arkansas,6,999.0,0.0,0,0,7.305,19.0,30.0,,UNKNOWN,0,,existing,0.0,0.0,0.0,13,cfbd_confirmed_zero,
Equanimeous St. Brown,WR,2018,207,6,Notre Dame,6,105.0,62.7,0,0,9.85,21.0,21.06574989256553,1996-09-30,EARLY,1,21.0,existing,0.0,0.0,,13,pff,0.0
Cedrick Wilson Jr.,WR,2018,208,6,Boise St.,6,88.0,76.3,0,0,2.879192901894676,21.0,34.008179745193615,1995-11-20,STANDARD,0,22.0,existing,9.0,13.0,,14,pff,0.0
Braxton Berrios,WR,2018,210,6,Miami (FL),6,64.0,115.1,0,0,5.68,22.0,27.962908592679582,1995-10-06,STANDARD,0,22.0,existing,0.0,0.0,,13,pff,0.0
Javon Wims,WR,2018,224,7,Georgia,6,120.0,42.6,0,0,5.44,23.0,28.228263600954897,1994-09-11,LATE,0,23.0,existing,0.0,0.0,,15,pff,0.0
Marcell Ateman,WR,2018,228,7,Oklahoma St.,6,134.0,36.4,0,0,5.18,23.0,22.235993653269794,1994-09-16,LATE,0,23.0,existing,0.0,0.0,,13,pff,0.0
Richie James,WR,2018,240,7,Middle Tenn. St.,6,45.0,157.70000000000002,0,0,5.99,22.0,10.964141091219096,1995-09-05,STANDARD,0,22.0,existing,10.0,57.0,,5,pff,0.0
Auden Tate,WR,2018,253,7,Florida St.,6,72.0,101.5,0,0,1.82,20.0,34.55040973661123,1997-02-03,EARLY,1,21.0,existing,0.0,0.0,,12,pff,0.0
Austin Proehl,WR,2018,255,7,North Carolina,6,999.0,0.0,0,0,3.62,22.0,8.72920517560074,1995-10-11,STANDARD,0,22.0,existing,0.0,0.0,,6,pff,0.0
Trey Quinn,WR,2018,256,7,SMU,6,107.0,51.8,0,0,7.01,21.0,34.73674376891746,1995-12-07,STANDARD,0,22.0,existing,1.0,0.0,,13,pff,0.0
Marquise Brown,WR,2019,25,1,Oklahoma,5,23.0,226.3,1,0,2.618098585275614,19.0,26.19788265660269,1997-06-04,EARLY,1,21.0,existing,2.0,0.0,,14,pff,0.0
N'Keal Harry,WR,2019,32,1,Arizona St.,5,143.0,30.4,0,0,8.44,21.0,40.47158903204493,1997-12-17,EARLY,1,21.0,existing,7.0,10.0,,12,pff,1.0
Deebo Samuel,WR,2019,36,2,South Carolina,5,2.0,385.1,1,1,7.91,19.0,29.59256329113924,1996-01-15,LATE,0,23.0,existing,8.0,26.0,,12,pff,0.0
A.J. Brown,WR,2019,51,2,Mississippi,5,6.0,333.2,1,1,8.59,19.0,29.77500108276668,1997-06-30,EARLY,1,21.0,existing,0.0,0.0,,12,pff,0.0
Mecole Hardman,WR,2019,56,2,Georgia,5,39.0,178.5,0,0,8.3,22.0,18.69854102778552,1998-03-12,EARLY,1,21.0,existing,5.0,36.0,,14,pff,0.0
JJ Arcega-Whiteside,WR,2019,57,2,Stanford,5,999.0,0.0,0,0,6.14,21.0,38.78169335495586,1996-12-31,STANDARD,0,22.0,existing,0.0,0.0,,12,pff,0.0
Parris Campbell,WR,2019,59,2,Ohio St.,5,50.0,149.1,0,0,9.76,19.0,20.7713717693837,1997-07-16,EARLY,1,21.0,existing,8.0,16.0,,14,pff,0.0
Andy Isabella,WR,2019,62,2,Massachusetts,5,113.0,54.8,0,0,7.26,21.0,47.80170270942083,1996-11-18,STANDARD,0,22.0,existing,12.0,84.0,,12,pff,1.0
D.K. Metcalf,WR,2019,64,2,Mississippi,5,999.0,0.0,0,0,9.66,22.0,18.140673047771667,1997-12-14,EARLY,1,21.0,existing,0.0,0.0,,7,pff,0.0
Diontae Johnson,WR,2019,66,3,Toledo,5,9.0,288.8,1,1,4.18,19.0,25.28132348001344,1996-07-05,STANDARD,0,22.0,existing,2.0,17.0,,13,pff,0.0
Jalen Hurd,WR,2019,67,3,Baylor,5,999.0,0.0,0,0,8.21,19.0,21.56124919109364,1996-01-23,LATE,0,23.0,existing,48.0,209.0,,12,pff,3.0
Terry McLaurin,WR,2019,76,3,Ohio St.,5,4.0,322.5,1,1,9.56,22.0,17.968190854870773,1995-09-15,LATE,0,23.0,existing,0.0,0.0,,14,pff,0.0
Miles Boykin,WR,2019,93,3,Notre Dame,5,99.0,74.6,0,0,9.94,22.0,30.453017948784744,1996-10-12,STANDARD,0,22.0,existing,0.0,0.0,,13,pff,0.0
Hakeem Butler,WR,2019,103,4,Iowa St.,5,216.0,0.0,0,0,9.47,22.0,43.58800000000001,1997-02-04,STANDARD,0,22.0,existing,0.0,0.0,,13,pff,0.0
Gary Jennings Jr,WR,2019,120,4,West Virginia,5,999.0,0.0,0,0,9.04,19.0,27.870701054114512,1997-03-07,STANDARD,0,22.0,existing,0.0,0.0,,11,pff,0.0
Riley Ridley,WR,2019,126,4,Georgia,5,158.0,13.5,0,0,4.53,19.0,22.24003345413995,1996-07-21,STANDARD,0,22.0,existing,0.0,0.0,,14,pff,0.0
Hunter Renfrow,WR,2019,149,5,Clemson,5,11.0,272.9,1,1,2.91,19.0,7.850753979786237,1995-12-21,LATE,0,23.0,existing,0.0,0.0,,15,pff,0.0
Darius Slayton,WR,2019,171,5,Auburn,5,38.0,170.0,0,0,8.91,22.0,23.346018735363,1997-01-12,STANDARD,0,22.0,existing,0.0,0.0,,12,pff,0.0
KeeSean Johnson,WR,2019,174,6,Fresno St.,5,115.0,46.0,0,0,3.18,19.0,33.114173468764626,1996-10-09,STANDARD,0,22.0,existing,2.0,8.0,,14,pff,0.0
Travis Fulgham,WR,2019,184,6,Old Dominion,5,69.0,115.9,0,0,8.01,19.0,36.58390308264363,1995-09-13,LATE,0,23.0,existing,0.0,0.0,,12,pff,0.0
Juwann Winfree,WR,2019,187,6,Colorado,5,173.0,11.8,0,0,7.14,22.0,10.745391397274911,1996-09-04,STANDARD,0,22.0,existing,0.0,0.0,,8,pff,0.0
Marcus Green,WR,2019,203,6,La-Monroe,5,999.0,0.0,0,0,7.22,19.0,22.093,1996-08-13,STANDARD,0,22.0,existing,19.0,189.0,,12,pff,1.0
Kelvin Harmon,WR,2019,206,6,North Carolina St.,5,94.0,66.5,0,0,4.88,21.0,28.894269572235675,1996-12-15,STANDARD,0,22.0,existing,0.0,0.0,,12,pff,0.0
Scott Miller,WR,2019,208,6,Bowling Green,5,67.0,121.0,0,0,7.76,19.0,35.155025470219435,1997-07-31,EARLY,1,21.0,existing,4.0,16.0,,11,pff,0.0
John Ursua,WR,2019,236,7,Hawaii,5,204.0,2.1,0,0,6.44,22.0,34.06275429354576,1994-01-17,LATE,0,25.0,existing,2.0,4.0,,13,pff,1.0
Terry Godwin,WR,2019,237,7,Georgia,5,194.0,6.5,0,0,5.26,19.0,10.304339745376824,1996-10-23,STANDARD,0,22.0,existing,0.0,0.0,,13,pff,0.0
Dillon Mitchell,WR,2019,239,7,Oregon,5,999.0,0.0,0,0,7.96,19.0,35.49045452612781,1997-05-16,EARLY,1,21.0,existing,1.0,5.0,,13,pff,0.0
Olabisi Johnson,WR,2019,247,7,Colorado St.,5,86.0,82.7,0,0,8.16,19.0,18.50752508361204,1996-12-27,STANDARD,0,22.0,existing,0.0,0.0,,11,pff,0.0
Henry Ruggs III,WR,2020,12,1,Alabama,4,999.0,0.0,0,0,9.54,20.0,15.526763638698904,1999-01-24,EARLY,1,21.0,existing,2.0,75.0,,12,pff,1.0
Jerry Jeudy,WR,2020,15,1,Alabama,4,18.0,240.9,1,0,6.76,19.0,23.274434520942563,1999-04-24,EARLY,1,21.0,existing,1.0,1.0,,13,pff,0.0
CeeDee Lamb,WR,2020,17,1,Oklahoma,4,1.0,425.7000000000001,1,1,7.44,19.0,35.3786423310919,1999-04-08,EARLY,1,21.0,existing,8.0,40.0,,13,pff,1.0
Jalen Reagor,WR,2020,21,1,TCU,4,95.0,81.2,0,0,6.03,18.0,29.166666666666664,1999-01-02,EARLY,1,21.0,existing,14.0,89.0,,12,pff,0.0
Justin Jefferson,WR,2020,22,1,LSU,4,1.0,379.0,1,1,9.69,19.0,27.53630287592798,1999-06-16,EARLY,1,20.0,existing,0.0,0.0,,15,pff,0.0
Brandon Aiyuk,WR,2020,25,1,Arizona St.,4,10.0,279.1,1,1,8.47,21.0,37.4711120924413,1998-03-17,STANDARD,0,22.0,existing,1.0,6.0,,12,pff,0.0
Tee Higgins,WR,2020,33,2,Clemson,4,10.0,280.0,1,1,4.12,19.0,29.741329479768787,1999-01-18,EARLY,1,21.0,existing,1.0,36.0,,15,pff,1.0
Michael Pittman Jr.,WR,2020,34,2,USC,4,999.0,0.0,0,0,8.27,20.0,30.31909671084929,1997-10-05,STANDARD,0,22.0,existing,0.0,0.0,,13,pff,0.0
Laviska Shenault Jr.,WR,2020,42,2,Colorado,4,47.0,157.1,0,0,6.97,19.0,24.477101314050227,1998-10-05,EARLY,1,21.0,existing,23.0,161.0,,11,pff,2.0
KJ Hamler,WR,2020,46,2,Penn St.,4,999.0,0.0,0,0,8.172682926829268,19.0,31.710809871393813,1999-07-08,EARLY,1,20.0,existing,13.0,43.0,,13,pff,0.0
Chase Claypool,WR,2020,49,2,Notre Dame,4,17.0,237.8,1,0,9.98,21.0,33.38513925762248,1998-07-07,EARLY,1,21.0,existing,0.0,0.0,,13,pff,0.0
Van Jefferson,WR,2020,57,2,Florida,4,37.0,188.9,0,0,8.172682926829268,,17.49244361776331,1996-07-26,LATE,0,23.0,existing,1.0,7.0,,13,pff,0.0
Denzel Mims,WR,2020,59,2,Baylor,4,108.0,60.7,0,0,9.77,19.0,39.28171380565668,1997-10-10,STANDARD,0,22.0,existing,0.0,0.0,,14,pff,0.0
Lynn Bowden Jr.,WR,2020,80,3,Kentucky,4,999.0,0.0,0,0,7.9935,20.0,17.328221320102237,1997-10-14,STANDARD,0,22.0,existing,181.0,1496.0,,13,pff,13.0
Bryan Edwards,WR,2020,81,3,South Carolina,4,63.0,116.2,0,0,7.9935,18.0,40.29808773903262,1998-11-13,EARLY,1,21.0,existing,2.0,22.0,,10,pff,0.0
Devin Duvernay,WR,2020,92,3,Texas,4,67.0,110.1,0,0,7.86,21.0,32.488450545067806,1997-09-12,STANDARD,0,22.0,existing,9.0,31.0,,13,pff,1.0
Gabriel Davis,WR,2020,128,4,Central Florida,4,999.0,0.0,0,0,6.85,19.0,38.06930693069307,1999-04-01,EARLY,1,21.0,existing,0.0,0.0,,12,pff,0.0
Antonio Gandy-Golden,WR,2020,142,4,Liberty,4,200.0,3.5,0,0,6.13,20.0,35.949500457490366,1998-04-11,STANDARD,0,22.0,existing,0.0,0.0,0.0,13,cfbd_confirmed_zero,
Joe Reed,WR,2020,151,5,Virginia,4,184.0,8.9,0,0,9.35,20.0,24.27555565867013,1998-01-04,STANDARD,0,22.0,existing,7.0,38.0,,13,pff,0.0
Tyler Johnson,WR,2020,161,5,Minnesota,4,91.0,81.5,0,0,6.9192307692307695,18.0,40.97988891392298,1998-08-25,EARLY,1,21.0,existing,0.0,0.0,,13,pff,0.0
Collin Johnson,WR,2020,165,5,Texas,4,110.0,59.2,0,0,6.9192307692307695,20.0,12.119034166445095,1997-09-23,STANDARD,0,22.0,existing,0.0,0.0,,7,pff,0.0
Quintez Cephus,WR,2020,166,5,Wisconsin,4,102.0,66.9,0,0,4.5,19.0,35.52224601475137,1998-04-01,STANDARD,0,22.0,existing,0.0,0.0,,14,pff,0.0
John Hightower,WR,2020,168,5,Boise St.,4,145.0,28.8,0,0,8.02,23.0,25.771675588111,1996-05-31,LATE,0,23.0,existing,16.0,154.0,,14,pff,0.0
Isaiah Coulter,WR,2020,171,5,Rhode Island,4,227.0,0.0,0,0,6.68,,,1998-09-18,EARLY,1,21.0,existing,0.0,0.0,0.0,13,cfbd_confirmed_zero,
Darnell Mooney,WR,2020,173,5,Tulane,4,25.0,219.7,0,0,7.04,19.0,26.46509891750653,1997-10-29,STANDARD,0,22.0,existing,0.0,0.0,,13,pff,0.0
K.J. Osborn,WR,2020,176,5,Miami (FL),4,41.0,165.6,0,0,8.0,,17.703223445736565,1997-06-10,STANDARD,0,22.0,existing,5.0,15.0,,13,pff,0.0
Donovan Peoples-Jones,WR,2020,187,6,Michigan,4,43.0,161.1,0,0,9.63,19.0,18.71573137074517,1999-02-19,EARLY,1,21.0,existing,2.0,-3.0,,11,pff,0.0
Quez Watkins,WR,2020,200,6,Southern Miss,4,60.0,121.5,0,0,7.4,20.0,31.9,1998-06-09,EARLY,1,21.0,existing,0.0,0.0,,11,pff,0.0
James Proche,WR,2020,201,6,SMU,4,133.0,36.2,0,0,4.04,21.0,36.67247386759582,1996-09-20,LATE,0,23.0,existing,5.0,22.0,,13,pff,0.0
Isaiah Hodgins,WR,2020,207,6,Oregon St.,4,56.0,126.0,0,0,7.56,19.0,40.79440270064249,1998-10-21,EARLY,1,21.0,existing,0.0,0.0,,12,pff,0.0
Dezmon Patmon,WR,2020,212,6,Washington St.,4,178.0,10.1,0,0,8.46,20.0,14.708927628103542,1998-08-06,EARLY,1,21.0,existing,0.0,0.0,,13,pff,0.0
Freddie Swain,WR,2020,214,6,Florida,4,85.0,86.5,0,0,8.29,,17.21731380299155,1998-08-04,EARLY,1,21.0,existing,4.0,27.0,,12,pff,0.0
Jauan Jennings,WR,2020,217,7,Tennessee,4,28.0,210.5,0,0,2.7,22.0,37.88723894517391,1997-07-10,STANDARD,0,22.0,existing,13.0,51.0,,13,pff,1.0
K.J. Hill,WR,2020,220,7,Ohio St.,4,168.0,14.3,0,0,3.89,20.0,19.0485884907709,1997-09-15,STANDARD,0,22.0,existing,1.0,1.0,,14,pff,0.0
Tyrie Cleveland,WR,2020,252,7,Florida,4,171.0,12.3,0,0,9.65,19.0,6.003642563744865,1997-09-20,STANDARD,0,22.0,existing,0.0,0.0,,13,pff,0.0
Ja'Marr Chase,WR,2021,5,1,LSU,3,1.0,403.0,1,1,9.82,19.0,31.167679010733025,2000-03-01,EARLY,1,21.0,existing,1.0,5.0,,14,pff,0.0
Jaylen Waddle,WR,2021,6,1,Alabama,3,11.0,267.40000000000003,1,1,3.0472378275147367,19.0,11.108554246440844,1998-11-25,STANDARD,0,22.0,existing,3.0,12.0,,5,pff,0.0
DeVonta Smith,WR,2021,10,1,Alabama,3,8.0,295.3,1,1,2.6858727574432057,20.0,47.31222385861562,1998-11-14,STANDARD,0,22.0,existing,4.0,6.0,,13,pff,1.0
Kadarius Toney,WR,2021,20,1,Florida,3,90.0,81.6,0,0,8.99,21.0,21.699413335375013,1999-01-27,STANDARD,0,22.0,existing,19.0,161.0,,11,pff,1.0
Rashod Bateman,WR,2021,27,1,Minnesota,3,31.0,201.6,0,0,8.04,18.0,31.21541299446608,1999-11-29,EARLY,1,21.0,existing,0.0,0.0,,5,pff,0.0
Elijah Moore,WR,2021,34,2,Mississippi,3,54.0,138.2,0,0,8.69,19.0,30.62318840579709,2000-03-27,EARLY,1,21.0,existing,14.0,64.0,,8,pff,0.0
Rondale Moore,WR,2021,49,2,Purdue,3,62.0,119.3,0,0,9.33,18.0,7.281553398058252,2000-06-09,EARLY,1,20.0,existing,6.0,32.0,,3,pff,1.0
D'Wayne Eskridge,WR,2021,56,2,Western Michigan,3,147.0,28.3,0,0,6.71,20.0,44.75743348982786,1997-03-19,LATE,0,24.0,existing,1.0,27.0,,6,pff,0.0
Tutu Atwell,WR,2021,57,2,Louisville,3,59.0,121.2,0,0,6.25,19.0,29.147409616101378,1999-10-07,EARLY,1,21.0,existing,3.0,7.0,,9,pff,1.0
Terrace Marshall Jr.,WR,2021,59,2,LSU,3,140.0,32.900000000000006,0,0,9.76,20.0,32.76607900750898,2000-06-09,EARLY,1,20.0,existing,0.0,0.0,,7,pff,0.0
Josh Palmer,WR,2021,77,3,Tennessee,3,39.0,174.4,0,0,7.59,20.0,25.88805918068253,1999-09-22,EARLY,1,21.0,existing,1.0,0.0,,10,pff,0.0
Dyami Brown,WR,2021,82,3,North Carolina,3,76.0,108.3,0,0,8.38,19.0,27.96296462278949,1999-11-01,EARLY,1,21.0,existing,0.0,0.0,,11,pff,0.0
Amari Rodgers,WR,2021,85,3,Clemson,3,123.0,43.1,0,0,5.35,20.0,23.48544453186468,1999-09-23,EARLY,1,21.0,existing,0.0,0.0,,12,pff,0.0
Nico Collins,WR,2021,89,3,Michigan,3,6.0,294.2,1,1,9.57,19.0,25.177552897884087,1999-03-19,STANDARD,0,22.0,existing,0.0,0.0,,12,pff,0.0
Anthony Schwartz,WR,2021,91,3,Auburn,3,138.0,33.4,0,0,6.89,19.0,25.95439537763104,2000-09-05,EARLY,1,20.0,existing,4.0,-6.0,,10,pff,0.0
Dez Fitzpatrick,WR,2021,109,4,Louisville,3,163.0,15.9,0,0,8.81,19.0,23.02366753633992,1997-12-17,LATE,0,23.0,existing,1.0,-12.0,,11,pff,0.0
Amon-Ra St. Brown,WR,2021,112,4,USC,3,2.0,386.5,1,1,7.13,18.0,33.06213926071472,1999-10-24,EARLY,1,21.0,existing,0.0,0.0,,6,pff,0.0
Jaelon Darden,WR,2021,129,4,North Texas,3,174.0,11.4,0,0,7.14,20.0,54.95330641090359,1999-01-14,STANDARD,0,22.0,existing,1.0,-3.0,,9,pff,0.0
Tylan Wallace,WR,2021,131,4,Oklahoma St.,3,119.0,43.1,0,0,4.71,20.0,34.10012674271229,1999-05-13,EARLY,1,21.0,existing,1.0,7.0,,9,pff,0.0
Jacob Harris,WR,2021,141,4,Central Florida,3,213.0,1.6,0,0,9.88,23.0,20.15407554671968,1997-04-16,LATE,0,24.0,existing,0.0,0.0,,10,pff,0.0
Ihmir Smith-Marsette,WR,2021,157,5,Iowa,3,146.0,28.6,0,0,6.81,19.0,33.13303816150116,1999-08-29,EARLY,1,21.0,existing,7.0,54.0,,7,pff,1.0
Simi Fehoko,WR,2021,179,5,Stanford,3,148.0,16.6,0,0,9.18,21.0,38.346300281410365,1997-11-05,LATE,0,23.0,existing,1.0,-1.0,,6,pff,0.0
Cornell Powell,WR,2021,181,5,Clemson,3,999.0,0.0,0,0,7.57,22.0,21.83551626787615,1997-10-30,LATE,0,23.0,existing,0.0,0.0,,12,pff,0.0
Frank Darby,WR,2021,187,6,Arizona St.,3,207.0,2.5,0,0,5.89,21.0,12.96010296010296,1997-09-08,LATE,0,23.0,existing,0.0,0.0,,3,pff,0.0
Marquez Stevenson,WR,2021,203,6,Houston,3,999.0,0.0,0,0,5.37,20.0,20.55346503606146,1998-03-26,LATE,0,23.0,existing,3.0,16.0,,5,pff,0.0
Shi Smith,WR,2021,204,6,South Carolina,3,106.0,61.6,0,0,6.78,21.0,41.74757281553399,1998-10-26,STANDARD,0,22.0,existing,6.0,6.0,,9,pff,0.0
Racey McMath,WR,2021,205,6,LSU,3,183.0,6.4,0,0,7.43,,5.266487104146261,1999-06-14,EARLY,1,21.0,existing,0.0,0.0,,6,pff,0.0
Jalen Camp,WR,2021,209,6,Georgia Tech,3,210.0,1.7000000000000002,0,0,9.75,22.0,24.24506387921022,1998-07-10,STANDARD,0,22.0,existing,0.0,0.0,,10,pff,0.0
Seth Williams,WR,2021,219,6,Auburn,3,202.0,4.4,0,0,6.86,18.0,32.01953501169349,2000-04-10,EARLY,1,21.0,existing,0.0,0.0,,11,pff,0.0
Dazz Newsome,WR,2021,221,6,North Carolina,3,204.0,4.3,0,0,2.13,20.0,19.18005897695597,1999-05-15,EARLY,1,21.0,existing,2.0,21.0,,12,pff,1.0
Mike Strachan,WR,2021,229,7,Charleston (WV),3,175.0,8.9,0,0,9.22,,,1997-08-13,LATE,0,23.0,existing,,,,13,no_final_season_data,
Tre Nixon,WR,2021,242,7,Central Florida,3,999.0,0.0,0,0,8.97,20.0,6.788731894348196,1998-01-26,LATE,0,23.0,existing,0.0,0.0,,4,pff,0.0
Ben Skowronek,WR,2021,249,7,Notre Dame,3,88.0,84.30000000000001,0,0,6.398571428571429,23.0,24.37112437112437,1997-06-27,LATE,0,23.0,existing,2.0,17.0,,10,pff,1.0
Kawaan Baker,WR,2021,255,7,South Alabama,3,999.0,0.0,0,0,9.08,19.0,34.28991905813098,1998-08-24,STANDARD,0,22.0,existing,13.0,42.0,,10,pff,0.0
Dax Milne,WR,2021,258,7,BYU,3,157.0,15.7,0,0,4.56,21.0,27.043400876232205,1999-06-23,EARLY,1,21.0,existing,11.0,67.0,0.0,13,cfbd,
Drake London,WR,2022,8,1,USC,2,6.0,280.8,1,1,3.5756106514109662,19.0,31.80633147113594,2001-07-24,EARLY,1,20.0,existing,1.0,2.0,,8,pff,0.0
Garrett Wilson,WR,2022,10,1,Ohio St.,2,13.0,251.9,1,0,7.77,20.0,23.726030764908337,2000-07-22,EARLY,1,21.0,existing,4.0,76.0,,11,pff,1.0
Chris Olave,WR,2022,11,1,Ohio St.,2,21.0,231.3,1,0,8.64,19.0,23.58116176160708,2000-06-27,EARLY,1,21.0,existing,1.0,-6.0,,12,pff,0.0
Jameson Williams,WR,2022,12,1,Alabama,2,22.0,227.2,1,0,2.7811700881411583,20.0,31.118790656416323,2001-03-26,EARLY,1,21.0,existing,4.0,32.0,,15,pff,0.0
Jahan Dotson,WR,2022,16,1,Penn St.,2,54.0,130.6,0,0,6.33,20.0,40.92924663420223,2000-03-22,STANDARD,0,22.0,existing,6.0,18.0,,12,pff,1.0
Treylon Burks,WR,2022,18,1,Arkansas,2,83.0,88.10000000000001,0,0,5.79,20.0,44.84897518878101,2000-03-23,STANDARD,0,22.0,existing,14.0,124.0,,12,pff,1.0
Christian Watson,WR,2022,34,2,North Dakota St.,2,42.0,164.10000000000002,0,0,9.96,19.0,80.0,1999-05-12,STANDARD,0,22.0,existing,15.0,114.0,1.0,13,web_research,
Wan'Dale Robinson,WR,2022,43,2,Kentucky,2,39.0,182.7,0,0,7.36,20.0,37.324553926582574,2001-01-05,EARLY,1,21.0,existing,8.0,110.0,,13,pff,0.0
John Metchie,WR,2022,44,2,Alabama,2,102.0,65.7,0,0,8.172682926829268,20.0,19.58900059136606,2000-07-18,EARLY,1,21.0,existing,1.0,8.0,,13,pff,0.0
Tyquan Thornton,WR,2022,50,2,Baylor,2,100.0,66.3,0,0,8.54,18.0,37.505862351975615,2000-08-07,EARLY,1,21.0,existing,0.0,0.0,,14,pff,0.0
George Pickens,WR,2022,52,2,Georgia,2,28.0,218.3,0,0,9.35,18.0,1.4160931709899416,2001-03-04,EARLY,1,21.0,existing,0.0,0.0,,4,pff,0.0
Alec Pierce,WR,2022,53,2,Cincinnati,2,43.0,161.4,0,0,9.83,21.0,25.209752245582862,2000-05-02,EARLY,1,21.0,existing,0.0,0.0,,14,pff,0.0
Skyy Moore,WR,2022,54,2,Western Michigan,2,104.0,62.8,0,0,7.58,18.0,41.332700346823856,2000-09-10,EARLY,1,21.0,existing,2.0,11.0,,12,pff,0.0
Velus Jones Jr.,WR,2022,71,3,Tennessee,2,999.0,0.0,0,0,7.1,23.0,22.679669223654862,1998-05-11,LATE,0,23.0,existing,1.0,15.0,,13,pff,0.0
Jalen Tolbert,WR,2022,88,3,South Alabama,2,46.0,152.0,0,0,8.62,20.0,42.17270359848485,1999-02-27,LATE,0,23.0,existing,0.0,0.0,,12,pff,0.0
David Bell,WR,2022,99,3,Purdue,2,98.0,62.1,0,0,3.98,18.0,22.48917748917749,2000-12-14,EARLY,1,21.0,existing,3.0,39.0,,11,pff,0.0
Danny Gray,WR,2022,105,3,SMU,2,204.0,2.9,0,0,6.76,22.0,22.52641994021304,1999-04-01,LATE,0,23.0,existing,3.0,40.0,,10,pff,0.0
Erik Ezukanma,WR,2022,125,4,Texas Tech,2,194.0,2.2,0,0,7.03,20.0,21.652379053694844,2000-01-25,STANDARD,0,22.0,existing,10.0,144.0,,11,pff,2.0
Romeo Doubs,WR,2022,132,4,Nevada,2,30.0,213.8,0,0,6.903333333333333,19.0,26.76585889463184,2000-04-13,STANDARD,0,22.0,existing,1.0,4.0,,11,pff,0.0
Calvin Austin III,WR,2022,138,4,Memphis,2,102.0,60.4,0,0,9.05,21.0,31.409719987125843,1999-03-24,LATE,0,23.0,existing,1.0,69.0,,12,pff,1.0
Khalil Shakir,WR,2022,148,5,Boise St.,2,27.0,217.9,0,0,8.31,19.0,35.360569235689155,2000-02-03,STANDARD,0,22.0,existing,21.0,130.0,,12,pff,0.0
Montrell Washington,WR,2022,162,5,Samford,2,181.0,7.2,0,0,4.32,18.0,15.98,1999-03-14,LATE,0,23.0,existing,3.0,19.0,1.0,13,cfbd,
Kyle Philips,WR,2022,163,5,UCLA,2,138.0,33.1,0,0,8.31,20.0,35.35372144436256,1999-06-17,STANDARD,0,22.0,existing,0.0,0.0,,11,pff,0.0
Jalen Nailor,WR,2022,191,6,Michigan St.,2,74.0,111.3,0,0,8.09,21.0,21.647800013476186,1999-03-02,LATE,0,23.0,existing,0.0,0.0,,9,pff,0.0
Michael Woods II,WR,2022,202,6,Oklahoma,2,999.0,0.0,0,0,7.62,,8.96441605839416,1999-08-03,STANDARD,0,22.0,existing,1.0,2.0,,11,pff,0.0
Bo Melton,WR,2022,229,7,Rutgers,2,110.0,56.5,0,0,9.23,19.0,30.529385374607443,1999-11-10,STANDARD,0,22.0,existing,6.0,51.0,,11,pff,0.0
Dareke Young,WR,2022,233,7,Lenoir-Rhyne,2,182.0,6.5,0,0,9.93,19.0,10.213,1999-06-04,STANDARD,0,22.0,existing,1.0,5.0,0.0,13,web_research_derived,
Samori Toure,WR,2022,258,7,Nebraska,2,151.0,19.2,0,0,6.14,23.0,31.90155949774342,1998-03-24,LATE,0,24.0,existing,8.0,63.0,,12,pff,1.0
Jaxon Smith-Njigba,WR,2023,20,1,Ohio St.,1,14.0,251.6,1,0,8.34,19.0,0.55440948942754,2002-02-14,EARLY,1,21.0,existing,1.0,4.0,,3,pff,0.0
Quentin Johnston,WR,2023,21,1,TCU,1,41.0,174.70000000000002,0,0,8.68,18.0,22.705274857592737,2001-09-06,EARLY,1,21.0,existing,3.0,-7.0,,14,pff,0.0
Zay Flowers,WR,2023,22,1,Boston Col.,1,19.0,235.4,1,0,8.29,19.0,46.73331727294627,2000-09-11,STANDARD,0,22.0,existing,12.0,41.0,,12,pff,0.0
Jordan Addison,WR,2023,23,1,USC,1,24.0,221.3,1,0,5.94,21.0,18.62273461420319,2002-01-27,EARLY,1,21.0,existing,4.0,33.0,,11,pff,0.0
Jonathan Mingo,WR,2023,39,2,Mississippi,1,82.0,84.8,0,0,9.87,21.0,25.186599801737707,2001-04-20,STANDARD,0,22.0,existing,4.0,-7.0,,13,pff,1.0
Jayden Reed,WR,2023,50,2,Michigan St.,1,24.0,225.6,1,0,6.74,20.0,21.91123188405797,2000-04-28,LATE,0,23.0,existing,3.0,18.0,,11,pff,0.0
Rashee Rice,WR,2023,55,2,SMU,1,13.0,271.2,1,0,9.53,20.0,30.977017562383413,2000-04-22,LATE,0,23.0,existing,0.0,0.0,,12,pff,0.0
Marvin Mims,WR,2023,63,2,Oklahoma,1,58.0,132.8,0,0,9.41,18.0,27.47062772742532,2002-03-19,EARLY,1,21.0,existing,2.0,3.0,,13,pff,0.0
Tank Dell,WR,2023,69,3,Houston,1,41.0,165.0,0,0,5.82,20.0,38.37395884370408,1999-10-29,LATE,0,23.0,existing,4.0,9.0,,13,pff,0.0
Jalin Hyatt,WR,2023,73,3,Tennessee,1,103.0,60.3,0,0,8.76,20.0,34.68140450205486,2001-09-25,EARLY,1,21.0,existing,1.0,0.0,,12,pff,0.0
Cedric Tillman,WR,2023,74,3,Tennessee,1,93.0,80.4,0,0,8.67,21.0,8.86598130144895,2000-04-19,LATE,0,23.0,existing,0.0,0.0,,6,pff,0.0
Josh Downs,WR,2023,79,3,North Carolina,1,40.0,182.2,0,0,8.99,19.0,26.3559013005956,2001-08-12,EARLY,1,21.0,existing,0.0,0.0,,11,pff,0.0
Michael Wilson,WR,2023,94,3,Stanford,1,63.0,124.5,0,0,9.55,19.0,20.183546378236645,2000-02-23,LATE,0,23.0,existing,4.0,47.0,,6,pff,0.0
Tre Tucker,WR,2023,100,3,Cincinnati,1,60.0,129.3,0,0,7.16,21.0,17.467944100273737,2001-03-08,STANDARD,0,22.0,existing,0.0,0.0,,12,pff,0.0
Derius Davis,WR,2023,125,4,TCU,1,121.0,41.2,0,0,4.29,,14.338365828432051,2000-09-11,STANDARD,0,22.0,existing,3.0,30.0,,14,pff,1.0
Charlie Jones,WR,2023,131,4,Purdue,1,166.0,14.7,0,0,2.5591365160347985,23.0,40.65635991494943,1998-10-29,LATE,0,24.0,existing,2.0,3.0,,13,pff,0.0
Tyler Scott,WR,2023,133,4,Cincinnati,1,135.0,35.900000000000006,0,0,8.61,20.0,34.70177207895116,2001-10-12,EARLY,1,21.0,existing,0.0,0.0,,11,pff,0.0
Justin Shorter,WR,2023,150,5,Florida,1,999.0,0.0,0,0,7.94,,15.469644902634592,1999-09-09,LATE,0,23.0,existing,0.0,0.0,,9,pff,0.0
Dontayvion Wicks,WR,2023,159,5,Virginia,1,57.0,129.7,0,0,9.17,20.0,24.0142210730446,2001-06-16,EARLY,1,21.0,existing,0.0,0.0,,8,pff,0.0
Puka Nacua,WR,2023,177,5,BYU,1,4.0,331.4,1,1,5.18,20.0,17.43973351817622,2001-05-29,EARLY,1,21.0,existing,25.0,209.0,5.0,13,cfbd,
Parker Washington,WR,2023,185,6,Penn St.,1,86.0,91.0,0,0,7.305,18.0,12.753789112145114,2002-03-21,EARLY,1,21.0,existing,2.0,8.0,,10,pff,0.0
Kayshon Boutte,WR,2023,187,6,LSU,1,65.0,121.9,0,0,4.99,18.0,11.48310460154538,2002-05-07,EARLY,1,20.0,existing,1.0,41.0,,11,pff,0.0
Trey Palmer,WR,2023,191,6,Nebraska,1,64.0,114.4,0,0,6.18,21.0,46.14983351831299,2001-04-02,STANDARD,0,22.0,existing,5.0,75.0,,12,pff,0.0
A.T. Perry,WR,2023,195,6,Wake Forest,1,101.0,60.6,0,0,9.62,21.0,26.30487769907952,1999-10-26,LATE,0,23.0,existing,0.0,0.0,,13,pff,0.0
Elijah Higgins,WR,2023,197,6,Stanford,1,999.0,0.0,0,0,8.94,21.0,18.20386758439856,2000-06-07,STANDARD,0,22.0,existing,4.0,48.0,,12,pff,0.0
Xavier Hutchinson,WR,2023,205,6,Iowa St.,1,123.0,37.3,0,0,7.27,20.0,34.43003401531527,2000-06-01,STANDARD,0,22.0,existing,0.0,0.0,,12,pff,0.0
Andrei Iosivas,WR,2023,206,6,Princeton,1,70.0,119.9,0,0,9.96,22.0,,1999-10-15,LATE,0,23.0,existing,4.0,10.0,0.0,13,cfbd,
DeMario Douglas,WR,2023,210,6,Liberty,1,999.0,0.0,0,0,7.34,21.0,31.92336970312104,2000-12-08,STANDARD,0,22.0,existing,5.0,105.0,1.0,13,cfbd,
Antoine Green,WR,2023,219,7,North Carolina,1,200.0,1.2,0,0,8.68,21.0,18.425306916251365,1999-11-15,LATE,0,23.0,existing,0.0,0.0,,9,pff,0.0
Colton Dowell,WR,2023,228,7,UT Martin,1,199.0,1.3,0,0,9.78,22.0,34.211719369828856,1999-04-19,LATE,0,24.0,existing,1.0,6.0,0.0,13,cfbd,
Jalen Brooks,WR,2023,244,7,South Carolina,1,125.0,35.7,0,0,5.6,,9.631740803170477,2000-05-07,STANDARD,0,22.0,existing,4.0,51.0,,12,pff,1.0
Ronnie Bell,WR,2023,253,7,Michigan,1,143.0,30.8,0,0,8.2,22.0,23.136847755459502,2000-01-28,LATE,0,23.0,existing,2.0,26.0,,14,pff,1.0
Grant Dubose,WR,2023,256,7,Charlotte,1,999.0,0.0,0,0,8.79,20.0,28.836304036058184,2001-06-20,EARLY,1,21.0,existing,1.0,-1.0,,12,pff,0.0
Marvin Harrison Jr.,WR,2024,4,1,Ohio St.,0,999.0,0.0,0,0,4.919900872637028,19.0,44.232968289572064,2002-08-11,EARLY,1,22.0,derived,2.0,26.0,,12,pff,1.0
Malik Nabers,WR,2024,6,1,LSU,0,8.0,273.6,1,1,9.67,19.0,33.71031623244013,2003-07-28,EARLY,1,21.0,derived,1.0,1.0,,13,pff,0.0
Rome Odunze,WR,2024,9,1,Washington,0,49.0,144.9,0,0,9.92,19.0,33.01214967583848,2002-06-03,STANDARD,0,22.0,derived,2.0,37.0,,15,pff,1.0
Brian Thomas,WR,2024,23,1,LSU,0,5.0,284.0,1,1,9.84,20.0,32.67193720733543,2002-10-08,EARLY,1,21.0,derived,0.0,0.0,,13,pff,0.0
Xavier Worthy,WR,2024,28,1,Texas,0,12.0,253.7,1,1,9.41,18.0,22.527798369162344,2003-04-27,EARLY,1,21.0,derived,4.0,35.0,,14,pff,0.0
Ricky Pearsall,WR,2024,31,1,Florida,0,82.0,93.5,0,0,9.91,21.0,25.71613739468568,2000-09-09,LATE,0,23.0,derived,3.0,62.0,,12,pff,2.0
Xavier Legette,WR,2024,32,1,South Carolina,0,63.0,125.1,0,0,9.9,22.0,35.47661870503597,2001-01-29,LATE,0,23.0,derived,8.0,-8.0,,12,pff,0.0
Keon Coleman,WR,2024,33,2,Florida St.,0,71.0,118.7,0,0,8.18,20.0,31.37856328392246,2003-05-17,EARLY,1,21.0,derived,1.0,2.0,,12,pff,0.0
Ladd McConkey,WR,2024,34,2,Georgia,0,7.0,275.6,1,1,9.34,20.0,9.040227195714262,2001-11-11,EARLY,1,22.0,derived,2.0,38.0,,9,pff,1.0
Ja'Lynn Polk,WR,2024,37,2,Washington,0,130.0,32.7,0,0,8.85,21.0,23.08361835724131,2002-04-11,EARLY,1,22.0,derived,4.0,32.0,,15,pff,1.0
Adonai Mitchell,WR,2024,52,2,Texas,0,115.0,52.8,0,0,9.99,20.0,32.43983197430195,2002-10-08,EARLY,1,21.0,derived,2.0,1.0,,14,pff,0.0
Malachi Corley,WR,2024,65,3,Western Kentucky,0,177.0,7.2,0,0,7.76,20.0,27.296201802394965,2002-03-21,STANDARD,0,22.0,derived,4.0,11.0,,12,pff,0.0
Jermaine Burton,WR,2024,80,3,Alabama,0,156.0,14.7,0,0,9.09,22.0,30.3206627405675,2001-06-28,LATE,0,23.0,derived,0.0,0.0,,13,pff,0.0
Roman Wilson,WR,2024,84,3,Michigan,0,999.0,0.0,0,0,8.59,22.0,37.30889235569423,2001-06-19,LATE,0,23.0,derived,1.0,10.0,,15,pff,0.0
Jalen McMillan,WR,2024,92,3,Washington,0,51.0,141.5,0,0,8.67,20.0,12.000867833988464,2001-12-07,STANDARD,0,22.0,derived,3.0,30.0,,11,pff,1.0
Luke McCaffrey,WR,2024,100,3,Rice,0,127.0,34.8,0,0,9.44,21.0,37.52652923995041,2001-04-02,LATE,0,23.0,derived,14.0,109.0,,13,pff,0.0
Troy Franklin,WR,2024,102,4,Oregon,0,92.0,80.5,0,0,9.02,19.0,28.522897732286246,2003-02-06,EARLY,1,21.0,derived,0.0,0.0,,13,pff,0.0
Javon Baker,WR,2024,110,4,Central Florida,0,202.0,2.2,0,0,7.84,18.0,31.512584225128816,2002-02-18,STANDARD,0,22.0,derived,0.0,0.0,,13,pff,0.0
Devontez Walker,WR,2024,113,4,North Carolina,0,172.0,9.1,0,0,9.76,22.0,22.466949438090893,2001-06-19,LATE,0,23.0,derived,3.0,23.0,,8,pff,0.0
Jacob Cowing,WR,2024,135,4,Arizona,0,165.0,12.7,0,0,6.28,21.0,28.52212242182302,2001-02-04,LATE,0,23.0,derived,5.0,26.0,,13,pff,0.0
Anthony Gould,WR,2024,142,5,Oregon St.,0,195.0,3.3000000000000003,0,0,8.87,21.0,15.250219919851432,2001-04-06,LATE,0,23.0,derived,4.0,22.0,,11,pff,0.0
Ainias Smith,WR,2024,152,5,Texas A&M,0,147.0,17.7,0,0,7.36,19.0,15.459280303030305,2001-05-31,LATE,0,23.0,derived,5.0,21.0,,12,pff,0.0
Jamari Thrash,WR,2024,156,5,Louisville,0,189.0,5.2,0,0,6.77,22.0,26.70368011519397,2000-12-19,LATE,0,23.0,derived,1.0,12.0,,12,pff,1.0
Bub Means,WR,2024,170,5,Pittsburgh,0,137.0,26.8,0,0,9.35,22.0,25.816993464052285,2001-01-10,LATE,0,23.0,derived,0.0,0.0,,12,pff,0.0
Jha'Quan Jackson,WR,2024,182,6,Tulane,0,213.0,1.3,0,0,5.34,20.0,15.29235880398671,2000-05-15,LATE,0,24.0,derived,5.0,51.0,,10,pff,0.0
Malik Washington,WR,2024,184,6,Virginia,0,111.0,56.8,0,0,8.63,22.0,47.3719181675118,2000-10-20,LATE,0,23.0,derived,3.0,7.0,,12,pff,0.0
Johnny Wilson,WR,2024,185,6,Florida St.,0,155.0,14.8,0,0,9.7,21.0,12.79418472063854,2001-04-03,LATE,0,23.0,derived,0.0,0.0,,10,pff,0.0
Casey Washington,WR,2024,187,6,Illinois,0,201.0,2.4000000000000004,0,0,7.15,21.0,19.19392857629474,2001-03-06,LATE,0,23.0,derived,0.0,0.0,,12,pff,0.0
Tejhaun Palmer,WR,2024,191,6,Ala-Birmingham,0,999.0,0.0,0,0,9.57,23.0,28.282901119647587,2000-05-19,LATE,0,24.0,derived,0.0,0.0,,12,pff,0.0
Jordan Whittington,WR,2024,213,6,Texas,0,113.0,54.7,0,0,7.305,20.0,8.239189523103533,2000-10-01,LATE,0,23.0,derived,4.0,29.0,,14,pff,0.0
Ryan Flournoy,WR,2024,216,6,SE Missouri St.,0,146.0,18.200000000000003,0,0,9.89,20.0,,1999-10-27,LATE,0,24.0,derived,6.0,49.0,1.0,13,cfbd,
Brenden Rice,WR,2024,225,7,USC,0,999.0,0.0,0,0,7.17,21.0,25.35227535227536,2002-03-18,EARLY,1,22.0,derived,0.0,0.0,,12,pff,0.0
Devaughn Vele,WR,2024,235,7,Utah,0,78.0,106.5,0,0,8.47,25.0,23.75231910946197,1997-12-12,LATE,0,26.0,derived,0.0,0.0,,10,pff,0.0
Tahj Washington,WR,2024,241,7,USC,0,999.0,0.0,0,0,5.13,22.0,23.07692307692308,2001-05-16,LATE,0,23.0,derived,1.0,10.0,,13,pff,0.0
Cornelius Johnson,WR,2024,253,7,Michigan,0,999.0,0.0,0,0,9.46,19.0,11.506110244409776,2000-11-21,LATE,0,23.0,derived,3.0,40.0,,15,pff,0.0
Travis Hunter,WR,2025,2,1,Colorado,1,999.0,0.0,0,0,3.384199227022351,19.0,38.8,2003-05-18,STANDARD,0,22.0,derived,2.0,5.0,,13,pff,1.0
Tetairoa McMillan,WR,2025,8,1,Arizona,1,15.0,213.4,1,0,4.014637370168539,19.0,41.0,2003-04-05,STANDARD,0,22.0,derived,0.0,0.0,,12,pff,0.0
Emeka Egbuka,WR,2025,19,1,Ohio State,1,18.0,192.8,1,0,9.72,20.0,26.1,2002-10-14,STANDARD,0,22.0,derived,7.0,38.0,,16,pff,0.0
Matthew Golden,WR,2025,23,1,Texas,1,35.0,110.0,0,0,3.979377891774859,20.0,24.1,2003-08-01,STANDARD,0,22.0,derived,0.0,0.0,,16,pff,0.0
Jayden Higgins,WR,2025,34,2,Iowa State,1,40.0,129.5,0,0,9.63,20.0,,2002-12-15,STANDARD,0,22.0,derived,0.0,0.0,,13,pff,0.0
Luther Burden III,WR,2025,39,2,Missouri,1,45.0,124.2,0,0,3.829110600463389,19.0,36.5,2003-12-12,EARLY,1,21.0,derived,9.0,115.0,,12,pff,2.0
Tre Harris,WR,2025,55,2,Ole Miss,1,50.0,100.0,0,0,9.23,21.0,35.8,2002-02-28,LATE,0,23.0,derived,0.0,0.0,,8,pff,0.0
Kyle Williams,WR,2025,69,3,Washington State,1,80.0,60.0,0,0,6.34,,,2002-11-13,STANDARD,0,22.0,derived,9.0,57.0,,13,pff,0.0
Isaac TeSlaa,WR,2025,70,3,Arkansas,1,75.0,65.0,0,0,9.93,,,2002-02-20,LATE,0,23.0,derived,0.0,0.0,,13,pff,0.0
Pat Bryant,WR,2025,74,3,Illinois,1,85.0,55.0,0,0,7.08,,,2002-12-10,STANDARD,0,22.0,derived,5.0,14.0,,12,pff,0.0
Elic Ayomanor,WR,2025,136,4,Stanford,1,55.0,116.5,0,0,9.71,,,2003-06-03,STANDARD,0,22.0,derived,0.0,0.0,,12,pff,0.0
Chimere Dike,WR,2025,103,4,Florida,1,60.0,114.3,0,0,9.72,,,2001-12-14,LATE,0,23.0,derived,0.0,0.0,,13,pff,0.0
Tez Johnson,WR,2025,235,7,Oregon,1,90.0,50.0,0,0,7.3,,,2002-05-18,LATE,0,23.0,derived,1.0,-1.0,,12,pff,0.0
