player_name,position,draft_year,pick,round,college,seasons_played,best_rank,best_ppr,hit24,hit12,RAS,breakout_age,peak_dominator
Amari Cooper,WR,2015,4,1,Alabama,9,12.0,253.6,1,1,8.57,19.0,272.87
Kevin White,WR,2015,7,1,West Virginia,9,119.0,38.6,0,0,9.72,19.0,291.97
DeVante Parker,WR,2015,14,1,Louisville,9,13.0,246.2,1,0,9.75,19.0,169.25
Nelson Agholor,WR,2015,20,1,USC,9,18.0,222.1,1,0,7.38,20.0,211.83
Breshad Perriman,WR,2015,26,1,Central Florida,9,53.0,138.1,0,0,9.95,20.0,188.86
Phillip Dorsett,WR,2015,29,1,Miami (FL),9,71.0,105.9,0,0,8.47,19.0,188.37
Devin Smith,WR,2015,37,2,Ohio St.,9,142.0,26.5,0,0,8.61,19.0,238.58
Dorial Green-Beckham,WR,2015,40,2,Oklahoma,9,62.0,112.9,0,0,6.3,20.0,182.82
Devin Funchess,WR,2015,41,2,Michigan,9,999.0,0.0,0,0,5.26,20.0,184.05
Tyler Lockett,WR,2015,69,3,Kansas St.,9,5.0,274.0,1,1,7.71,19.0,364.97
Jaelen Strong,WR,2015,70,3,Arizona St.,9,109.0,50.8,0,0,9.14,20.0,221.46
Chris Conley,WR,2015,76,3,Georgia,9,45.0,156.5,0,0,9.68,19.0,131.81
Sammie Coates,WR,2015,87,3,Auburn,9,90.0,83.3,0,0,9.86,20.0,295.09
Ty Montgomery,WR,2015,94,3,Stanford,9,45.0,179.3,0,0,7.75,19.0,301.29
Jamison Crowder,WR,2015,105,4,Duke,9,29.0,197.7,0,0,1.31,19.0,253.6
Justin Hardy,WR,2015,107,4,East Carolina,9,96.0,69.1,0,0,4.87,19.0,215.58
Vince Mayle,WR,2015,123,4,Washington St.,9,176.0,6.2,0,0,4.63,21.0,66.27
DeAndre Smelter,WR,2015,132,4,Georgia Tech,9,182.0,3.3000000000000003,0,0,,21.0,169.95
Rashad Greene,WR,2015,139,5,Florida St.,9,125.0,40.3,0,0,5.37,19.0,176.16
Stefon Diggs,WR,2015,146,5,Maryland,9,2.0,391.7000000000001,1,1,5.66,20.0,278.95
Tony Lippett,WR,2015,156,5,Michigan St.,9,999.0,0.0,0,0,3.99,20.0,120.7
JJ Nelson,WR,2015,159,5,Ala-Birmingham,9,999.0,0.0,0,0,,19.0,319.65
Kenny Bell,WR,2015,162,5,Nebraska,9,999.0,0.0,0,0,9.2,19.0,212.43
Keith Mumphery,WR,2015,175,5,Michigan St.,9,141.0,26.9,0,0,4.36,20.0,109.89
Kaelin Clay,WR,2015,184,6,Utah,9,134.0,23.4,0,0,2.18,19.0,104.04
Geremy Davis,WR,2015,186,6,Connecticut,9,174.0,6.8,0,0,9.66,19.0,320.52
Evan Spencer,WR,2015,187,6,Ohio St.,9,999.0,0.0,0,0,8.37,19.0,147.49
Bud Sasser,WR,2015,201,6,Missouri,9,999.0,0.0,0,0,7.45,20.0,71.81
Darren Waller,WR,2015,204,6,Georgia Tech,9,999.0,0.0,0,0,,20.0,141.87
Neal Sterling,WR,2015,220,7,Monmouth,9,999.0,0.0,0,0,6.62,19.0,140.99
Andre Debose,WR,2015,221,7,Florida,9,999.0,0.0,0,0,8.13,19.0,132.19
Da'Ron Brown,WR,2015,233,7,Northern Illinois,9,999.0,0.0,0,0,,19.0,240.65
Dezmin Lewis,WR,2015,234,7,Central Arkansas,9,197.0,0.0,0,0,4.77,19.0,163.87
Mario Alford,WR,2015,238,7,West Virginia,9,187.0,2.5,0,0,5.4,19.0,118.97
Tre McBride,WR,2015,245,7,William & Mary,9,136.0,22.4,0,0,9.56,,
Corey Coleman,WR,2016,15,1,Baylor,8,83.0,93.3,0,0,9.66,18.0,350.39
Will Fuller,WR,2016,21,1,Notre Dame,8,34.0,188.9,0,0,7.17,18.0,175.97
Josh Doctson,WR,2016,22,1,TCU,8,59.0,119.8,0,0,9.41,18.0,256.67
Laquon Treadwell,WR,2016,23,1,Mississippi,8,89.0,82.4,0,0,3.33,20.0,221.27
Sterling Shepard,WR,2016,40,2,Oklahoma,8,31.0,194.7,0,0,7.62,18.0,273.58
Michael Thomas,WR,2016,47,2,Ohio St.,8,1.0,388.6,1,1,9.11,18.0,253.61
Tyler Boyd,WR,2016,55,2,Pittsburgh,8,18.0,222.9,1,0,4.27,18.0,254.52
Braxton Miller,WR,2016,85,3,Ohio St.,8,118.0,41.3,0,0,8.59,18.0,200.43
Leonte Carroo,WR,2016,86,3,Rutgers,8,155.0,18.8,0,0,6.96,20.0,240.06
Chris Moore,WR,2016,107,4,Cincinnati,8,63.0,115.1,0,0,7.96,18.0,257.07
Malcolm Mitchell,WR,2016,112,4,Georgia,8,72.0,110.6,0,0,8.08,18.0,229.66
Ricardo Louis,WR,2016,114,4,Auburn,8,94.0,62.7,0,0,9.23,20.0,228.43
Pharoh Cooper,WR,2016,117,4,South Carolina,8,105.0,55.5,0,0,2.06,18.0,277.21
Demarcus Robinson,WR,2016,126,4,Florida,8,55.0,137.2,0,0,5.86,18.0,350.12
Tajae Sharpe,WR,2016,140,5,Massachusetts,8,74.0,105.3,0,0,5.3,19.0,266.46
Jordan Payton,WR,2016,154,5,UCLA,8,194.0,1.3,0,0,6.84,18.0,209.61
Trevor Davis,WR,2016,163,5,California,8,138.0,30.4,0,0,9.14,18.0,320.52
Tyreek Hill,WR,2016,165,5,West Alabama,8,2.0,393.6,1,1,9.39,18.0,470.06
Rashard Higgins,WR,2016,172,5,Colorado St.,8,59.0,139.5,0,0,1.65,20.0,238.01
Moritz Boehringer,WR,2016,180,6,,8,999.0,0.0,0,0,9.98,,
Jakeem Grant,WR,2016,186,6,Texas Tech,8,94.0,81.3,0,0,6.39,18.0,226.41
Kolby Listenbee,WR,2016,192,6,TCU,8,999.0,0.0,0,0,7.91,22.0,115.67
Cody Core,WR,2016,199,6,Mississippi,8,123.0,37.0,0,0,7.38,18.0,350.39
Mike Thomas,WR,2016,206,6,Southern Miss,8,140.0,30.3,0,0,7.66,18.0,253.61
Aaron Burbridge,WR,2016,213,6,Michigan St.,8,152.0,15.8,0,0,2.78,19.0,277.05
Devin Lucien,WR,2016,225,7,Arizona St.,8,999.0,0.0,0,0,6.68,19.0,174.16
Demarcus Ayers,WR,2016,229,7,Houston,8,999.0,0.0,0,0,0.89,20.0,263.89
Daniel Braverman,WR,2016,230,7,Western Michigan,8,197.0,0.0,0,0,2.56,19.0,313.37
Devin Fuller,WR,2016,238,7,UCLA,8,999.0,0.0,0,0,8.34,18.0,175.97
Charone Peake,WR,2016,241,7,Clemson,8,121.0,37.6,0,0,5.76,19.0,106.63
Kenny Lawler,WR,2016,243,7,California,8,999.0,0.0,0,0,2.09,20.0,106.0
Corey Davis,WR,2017,5,1,Western Michigan,7,29.0,191.4,0,0,,18.0,320.52
Mike Williams,WR,2017,7,1,Clemson,7,14.0,246.6,1,0,7.24,18.0,371.37
John Ross,WR,2017,9,1,Washington,7,75.0,95.0,0,0,9.5,18.0,186.6
Zay Jones,WR,2017,37,2,East Carolina,7,19.0,232.8,1,0,9.71,18.0,273.39
Curtis Samuel,WR,2017,40,2,Ohio St.,7,28.0,212.1,0,0,7.45,18.0,145.04
JuJu Smith-Schuster,WR,2017,62,2,USC,7,9.0,296.90000000000003,1,1,,21.0,300.0
Cooper Kupp,WR,2017,69,3,Eastern Washington,7,1.0,554.8,1,1,5.0,19.5,
Taywan Taylor,WR,2017,72,3,Western Kentucky,7,83.0,87.6,0,0,8.7,18.0,246.03
ArDarius Stewart,WR,2017,79,3,Alabama,7,146.0,16.900000000000002,0,0,,18.0,233.13
Carlos Henderson,WR,2017,82,3,Louisiana Tech,7,999.0,0.0,0,0,5.75,19.0,214.2
Chris Godwin,WR,2017,84,3,Penn St.,7,3.0,276.1,1,1,9.66,21.0,239.6
Kenny Golladay,WR,2017,96,3,Northern Illinois,7,11.0,248.0,1,1,8.94,21.0,277.72
Chad Williams,WR,2017,98,3,Grambling St.,7,127.0,41.0,0,0,9.01,18.0,371.37
Amara Darboh,WR,2017,106,3,Michigan,7,150.0,15.1,0,0,9.6,21.0,169.4
Dede Westbrook,WR,2017,110,4,Oklahoma,7,34.0,175.5,0,0,4.84,21.0,153.53
Josh Reynolds,WR,2017,117,4,Texas A&M,7,45.0,156.0,0,0,9.1,18.0,172.97
Mack Hollins,WR,2017,118,4,North Carolina,7,47.0,154.0,0,0,,21.0,173.84
Josh Malone,WR,2017,128,4,Tennessee,7,140.0,18.5,0,0,7.03,18.0,168.2
Ryan Switzer,WR,2017,133,4,North Carolina,7,97.0,69.4,0,0,4.83,19.0,163.33
Jehu Chesson,WR,2017,139,4,Michigan,7,182.0,3.8,0,0,7.94,19.0,155.66
Chad Hansen,WR,2017,141,4,California,7,121.0,46.6,0,0,7.39,21.0,39.82
Shelton Gibson,WR,2017,166,5,West Virginia,7,178.0,5.800000000000001,0,0,3.98,19.0,173.43
Rodney Adams,WR,2017,170,5,South Florida,7,227.0,0.0,0,0,6.02,18.0,243.7
Isaiah McKenzie,WR,2017,172,5,Georgia,7,57.0,122.8,0,0,,21.0,37.61
DeAngelo Yancey,WR,2017,175,5,Purdue,7,999.0,0.0,0,0,9.08,19.0,138.89
Trent Taylor,WR,2017,177,5,Louisiana Tech,7,69.0,98.0,0,0,4.0,18.0,246.03
Robert Davis,WR,2017,209,6,Georgia St.,7,196.0,3.7,0,0,9.79,18.0,320.52
Stacy Coley,WR,2017,219,7,Miami (FL),7,200.0,0.0,0,0,4.46,19.0,145.57
David Moore,WR,2017,226,7,East Central (OK),7,68.0,120.3,0,0,8.99,18.0,257.07
Isaiah Ford,WR,2017,237,7,Virginia Tech,7,110.0,55.6,0,0,5.05,18.0,237.82
Noah Brown,WR,2017,239,7,Ohio St.,7,58.0,122.4,0,0,6.88,18.0,314.12
Malachi Dupre,WR,2017,247,7,LSU,7,999.0,0.0,0,0,7.2,21.0,216.55
D.J. Moore,WR,2018,24,1,Maryland,6,18.0,238.1,1,0,9.65,18.0,150.46
Calvin Ridley,WR,2018,26,1,Alabama,6,7.0,281.5,1,1,5.12,18.0,200.22
Courtland Sutton,WR,2018,40,2,SMU,6,16.0,247.6,1,0,9.81,20.0,235.52
Dante Pettis,WR,2018,44,2,Washington,6,74.0,103.5,0,0,,18.0,118.36
Christian Kirk,WR,2018,47,2,Texas A&M,6,9.0,285.7,1,1,6.23,18.0,191.91
Anthony Miller,WR,2018,51,2,Memphis,6,59.0,127.5,0,0,9.27,18.0,200.43
James Washington,WR,2018,60,2,Oklahoma St.,6,57.0,133.5,0,0,5.55,18.0,208.32
DJ Chark,WR,2018,61,2,LSU,6,61.0,115.5,0,0,,22.0,
Michael Gallup,WR,2018,81,3,Colorado St.,6,28.0,212.7,0,0,5.87,22.0,
Tre'Quan Smith,WR,2018,91,3,Central Florida,6,66.0,126.6,0,0,6.85,18.0,300.0
Keke Coutee,WR,2018,103,4,Texas Tech,6,80.0,90.7,0,0,5.64,22.0,16.94
Antonio Callaway,WR,2018,105,4,Florida,6,56.0,132.3,0,0,6.2,20.0,148.89
DaeSean Hamilton,WR,2018,113,4,Penn St.,6,99.0,66.3,0,0,8.09,18.0,125.99
Jaleel Scott,WR,2018,132,4,New Mexico St.,6,205.0,2.6,0,0,7.6,18.0,152.46
J'Mon Moore,WR,2018,133,4,Missouri,6,188.0,3.5,0,0,8.43,18.0,150.46
Justin Watson,WR,2018,144,5,Pennsylvania,6,72.0,104.0,0,0,9.61,18.0,116.74
Daurice Fountain,WR,2018,159,5,Northern Iowa,6,197.0,4.300000000000001,0,0,7.98,,
Jordan Lasley,WR,2018,162,5,UCLA,6,999.0,0.0,0,0,4.47,22.0,3.33
Marquez Valdes-Scantling,WR,2018,174,5,South Florida,6,43.0,166.1,0,0,9.26,18.0,65.96
Damion Ratley,WR,2018,175,6,Texas A&M,6,128.0,38.0,0,0,9.02,20.0,41.49
Deon Cain,WR,2018,185,6,Clemson,6,144.0,21.4,0,0,6.47,20.0,110.23
Ray-Ray McCloud,WR,2018,187,6,Clemson,6,50.0,142.5,0,0,3.71,20.0,45.08
Dylan Cantrell,WR,2018,191,6,Texas Tech,6,999.0,0.0,0,0,9.86,22.0,9.8
Russell Gage,WR,2018,194,6,LSU,6,38.0,175.5,0,0,8.0,,2.55
Tremon Smith,WR,2018,196,6,Central Arkansas,6,999.0,0.0,0,0,,18.0,300.0
Equanimeous St. Brown,WR,2018,207,6,Notre Dame,6,105.0,62.7,0,0,9.85,18.0,314.12
Cedrick Wilson Jr.,WR,2018,208,6,Boise St.,6,88.0,76.3,0,0,,18.0,342.64
Braxton Berrios,WR,2018,210,6,Miami (FL),6,64.0,115.1,0,0,5.68,,17.59
Javon Wims,WR,2018,224,7,Georgia,6,120.0,42.6,0,0,5.44,,12.26
Marcell Ateman,WR,2018,228,7,Oklahoma St.,6,134.0,36.4,0,0,5.18,18.0,134.62
Richie James,WR,2018,240,7,Middle Tenn. St.,6,45.0,157.70000000000002,0,0,5.99,18.0,243.51
Auden Tate,WR,2018,253,7,Florida St.,6,72.0,101.5,0,0,1.82,18.0,44.52
Austin Proehl,WR,2018,255,7,North Carolina,6,999.0,0.0,0,0,3.62,20.0,55.01
Trey Quinn,WR,2018,256,7,SMU,6,107.0,51.8,0,0,7.01,22.0,13.31
Marquise Brown,WR,2019,25,1,Oklahoma,5,23.0,226.3,1,0,,19.0,329.5
N'Keal Harry,WR,2019,32,1,Arizona St.,5,143.0,30.4,0,0,8.44,21.0,275.44
Deebo Samuel,WR,2019,36,2,South Carolina,5,2.0,385.1,1,1,7.91,19.0,199.1
A.J. Brown,WR,2019,51,2,Mississippi,5,6.0,333.2,1,1,8.59,19.0,329.5
Mecole Hardman,WR,2019,56,2,Georgia,5,39.0,178.5,0,0,8.3,22.0,148.6
JJ Arcega-Whiteside,WR,2019,57,2,Stanford,5,999.0,0.0,0,0,,21.0,224.59
Parris Campbell,WR,2019,59,2,Ohio St.,5,50.0,149.1,0,0,9.76,19.0,163.15
Andy Isabella,WR,2019,62,2,Massachusetts,5,113.0,54.8,0,0,7.26,21.0,412.9
D.K. Metcalf,WR,2019,64,2,Mississippi,5,999.0,0.0,0,0,,22.0,129.32
Diontae Johnson,WR,2019,66,3,Toledo,5,9.0,288.8,1,1,4.18,19.0,321.39
Jalen Hurd,WR,2019,67,3,Baylor,5,999.0,0.0,0,0,8.21,19.0,194.65
Terry McLaurin,WR,2019,76,3,Ohio St.,5,4.0,322.5,1,1,9.56,22.0,119.68
Miles Boykin,WR,2019,93,3,Notre Dame,5,99.0,74.6,0,0,9.94,22.0,192.11
Hakeem Butler,WR,2019,103,4,Iowa St.,5,216.0,0.0,0,0,9.47,22.0,310.19
Gary Jennings Jr,WR,2019,120,4,West Virginia,5,999.0,0.0,0,0,,19.0,248.51
Riley Ridley,WR,2019,126,4,Georgia,5,158.0,13.5,0,0,4.53,19.0,200.22
Hunter Renfrow,WR,2019,149,5,Clemson,5,11.0,272.9,1,1,2.91,19.0,92.91
Darius Slayton,WR,2019,171,5,Auburn,5,38.0,170.0,0,0,8.91,22.0,133.51
KeeSean Johnson,WR,2019,174,6,Fresno St.,5,115.0,46.0,0,0,3.18,19.0,321.39
Travis Fulgham,WR,2019,184,6,Old Dominion,5,69.0,115.9,0,0,8.01,19.0,226.1
Juwann Winfree,WR,2019,187,6,Colorado,5,173.0,11.8,0,0,7.14,22.0,77.33
Marcus Green,WR,2019,203,6,La-Monroe,5,999.0,0.0,0,0,7.22,19.0,220.93
Kelvin Harmon,WR,2019,206,6,North Carolina St.,5,94.0,66.5,0,0,4.88,21.0,239.74
Scott Miller,WR,2019,208,6,Bowling Green,5,67.0,121.0,0,0,7.76,19.0,273.09
John Ursua,WR,2019,236,7,Hawaii,5,204.0,2.1,0,0,6.44,22.0,246.42
Terry Godwin,WR,2019,237,7,Georgia,5,194.0,6.5,0,0,5.26,19.0,239.6
Dillon Mitchell,WR,2019,239,7,Oregon,5,999.0,0.0,0,0,7.96,19.0,266.51
Olabisi Johnson,WR,2019,247,7,Colorado St.,5,86.0,82.7,0,0,,19.0,321.39
Henry Ruggs III,WR,2020,12,1,Alabama,4,999.0,0.0,0,0,9.54,20.0,16.8
Jerry Jeudy,WR,2020,15,1,Alabama,4,18.0,240.9,1,0,6.76,20.0,27.1
CeeDee Lamb,WR,2020,17,1,Oklahoma,4,1.0,425.7000000000001,1,1,7.44,19.0,31.9
Jalen Reagor,WR,2020,21,1,TCU,4,95.0,81.2,0,0,6.03,20.0,38.4
Justin Jefferson,WR,2020,22,1,LSU,4,1.0,379.0,1,1,9.69,20.0,29.4
Brandon Aiyuk,WR,2020,25,1,Arizona St.,4,10.0,279.1,1,1,8.47,21.0,36.8
Tee Higgins,WR,2020,33,2,Clemson,4,10.0,280.0,1,1,4.12,20.0,27.0
Michael Pittman Jr.,WR,2020,34,2,USC,4,999.0,0.0,0,0,8.27,20.0,29.2
Laviska Shenault Jr.,WR,2020,42,2,Colorado,4,47.0,157.1,0,0,6.97,20.0,33.8
KJ Hamler,WR,2020,46,2,Penn St.,4,999.0,0.0,0,0,,20.0,31.4
Chase Claypool,WR,2020,49,2,Notre Dame,4,17.0,237.8,1,0,9.98,21.0,31.6
Van Jefferson,WR,2020,57,2,Florida,4,37.0,188.9,0,0,,,18.1
Denzel Mims,WR,2020,59,2,Baylor,4,108.0,60.7,0,0,9.77,19.0,31.5
Lynn Bowden Jr.,WR,2020,80,3,Kentucky,4,999.0,0.0,0,0,,20.0,35.5
Bryan Edwards,WR,2020,81,3,South Carolina,4,63.0,116.2,0,0,,19.0,30.6
Devin Duvernay,WR,2020,92,3,Texas,4,67.0,110.1,0,0,7.86,21.0,36.9
Gabriel Davis,WR,2020,128,4,Central Florida,4,999.0,0.0,0,0,6.85,20.0,30.1
Antonio Gandy-Golden,WR,2020,142,4,Liberty,4,200.0,3.5,0,0,6.13,20.0,37.2
Joe Reed,WR,2020,151,5,Virginia,4,184.0,8.9,0,0,9.35,,18.1
Tyler Johnson,WR,2020,161,5,Minnesota,4,91.0,81.5,0,0,,19.0,44.7
Collin Johnson,WR,2020,165,5,Texas,4,110.0,59.2,0,0,,19.0,27.3
Quintez Cephus,WR,2020,166,5,Wisconsin,4,102.0,66.9,0,0,4.5,21.0,32.2
John Hightower,WR,2020,168,5,Boise St.,4,145.0,28.8,0,0,8.02,21.0,25.7
Isaiah Coulter,WR,2020,171,5,Rhode Island,4,227.0,0.0,0,0,6.68,,
Darnell Mooney,WR,2020,173,5,Tulane,4,25.0,219.7,0,0,7.04,19.0,41.7
K.J. Osborn,WR,2020,176,5,Miami (FL),4,41.0,165.6,0,0,8.0,,16.9
Donovan Peoples-Jones,WR,2020,187,6,Michigan,4,43.0,161.1,0,0,9.63,20.0,21.0
Quez Watkins,WR,2020,200,6,Southern Miss,4,60.0,121.5,0,0,7.4,20.0,31.9
James Proche,WR,2020,201,6,SMU,4,133.0,36.2,0,0,4.04,19.0,36.9
Isaiah Hodgins,WR,2020,207,6,Oregon St.,4,56.0,126.0,0,0,7.56,20.0,38.3
Dezmon Patmon,WR,2020,212,6,Washington St.,4,178.0,10.1,0,0,8.46,20.0,16.8
Freddie Swain,WR,2020,214,6,Florida,4,85.0,86.5,0,0,8.29,,13.2
Jauan Jennings,WR,2020,217,7,Tennessee,4,28.0,210.5,0,0,2.7,21.0,33.7
K.J. Hill,WR,2020,220,7,Ohio St.,4,168.0,14.3,0,0,3.89,20.0,17.6
Tyrie Cleveland,WR,2020,252,7,Florida,4,171.0,12.3,0,0,9.65,19.0,20.8
Ja'Marr Chase,WR,2021,5,1,LSU,3,1.0,403.0,1,1,9.82,20.0,29.5
Jaylen Waddle,WR,2021,6,1,Alabama,3,11.0,267.40000000000003,1,1,,19.0,17.5
DeVonta Smith,WR,2021,10,1,Alabama,3,8.0,295.3,1,1,,20.0,39.9
Kadarius Toney,WR,2021,20,1,Florida,3,90.0,81.6,0,0,8.99,21.0,21.7
Rashod Bateman,WR,2021,27,1,Minnesota,3,31.0,201.6,0,0,8.04,19.0,37.0
Elijah Moore,WR,2021,34,2,Mississippi,3,54.0,138.2,0,0,8.69,20.0,36.5
Rondale Moore,WR,2021,49,2,Purdue,3,62.0,119.3,0,0,9.33,19.0,31.5
D'Wayne Eskridge,WR,2021,56,2,Western Michigan,3,147.0,28.3,0,0,6.71,18.0,45.1
Tutu Atwell,WR,2021,57,2,Louisville,3,59.0,121.2,0,0,6.25,20.0,41.9
Terrace Marshall Jr.,WR,2021,59,2,LSU,3,140.0,32.900000000000006,0,0,,21.0,23.4
Josh Palmer,WR,2021,77,3,Tennessee,3,39.0,174.4,0,0,7.59,19.0,23.2
Dyami Brown,WR,2021,82,3,North Carolina,3,76.0,108.3,0,0,8.38,20.0,30.0
Amari Rodgers,WR,2021,85,3,Clemson,3,123.0,43.1,0,0,5.35,21.0,24.4
Nico Collins,WR,2021,89,3,Michigan,3,6.0,294.2,1,1,9.57,19.0,22.9
Anthony Schwartz,WR,2021,91,3,Auburn,3,138.0,33.4,0,0,6.89,21.0,26.9
Dez Fitzpatrick,WR,2021,109,4,Louisville,3,163.0,15.9,0,0,,20.0,31.0
Amon-Ra St. Brown,WR,2021,112,4,USC,3,2.0,386.5,1,1,7.13,19.0,25.2
Jaelon Darden,WR,2021,129,4,North Texas,3,174.0,11.4,0,0,7.14,20.0,42.0
Tylan Wallace,WR,2021,131,4,Oklahoma St.,3,119.0,43.1,0,0,4.71,20.0,34.9
Jacob Harris,WR,2021,141,4,Central Florida,3,213.0,1.6,0,0,9.88,,15.3
Ihmir Smith-Marsette,WR,2021,157,5,Iowa,3,146.0,28.6,0,0,6.81,20.0,24.3
Simi Fehoko,WR,2021,179,5,Stanford,3,148.0,16.6,0,0,9.18,21.0,33.8
Cornell Powell,WR,2021,181,5,Clemson,3,999.0,0.0,0,0,7.57,21.0,21.1
Frank Darby,WR,2021,187,6,Arizona St.,3,207.0,2.5,0,0,5.89,,19.0
Marquez Stevenson,WR,2021,203,6,Houston,3,999.0,0.0,0,0,5.37,19.0,37.2
Shi Smith,WR,2021,204,6,South Carolina,3,106.0,61.6,0,0,6.78,21.0,33.2
Racey McMath,WR,2021,205,6,LSU,3,183.0,6.4,0,0,7.43,,6.2
Jalen Camp,WR,2021,209,6,Georgia Tech,3,210.0,1.7000000000000002,0,0,9.75,,19.7
Seth Williams,WR,2021,219,6,Auburn,3,202.0,4.4,0,0,6.86,20.0,30.9
Dazz Newsome,WR,2021,221,6,North Carolina,3,204.0,4.3,0,0,2.13,20.0,27.4
Mike Strachan,WR,2021,229,7,Charleston (WV),3,175.0,8.9,0,0,,,
Tre Nixon,WR,2021,242,7,Central Florida,3,999.0,0.0,0,0,8.97,20.0,20.2
Ben Skowronek,WR,2021,249,7,Notre Dame,3,88.0,84.30000000000001,0,0,,,15.4
Kawaan Baker,WR,2021,255,7,South Alabama,3,999.0,0.0,0,0,9.08,19.0,30.1
Dax Milne,WR,2021,258,7,BYU,3,157.0,15.7,0,0,4.56,21.0,29.8
Drake London,WR,2022,8,1,USC,2,6.0,280.8,1,1,,20.0,30.3
Garrett Wilson,WR,2022,10,1,Ohio St.,2,13.0,251.9,1,0,7.77,20.0,34.4
Chris Olave,WR,2022,11,1,Ohio St.,2,21.0,231.3,1,0,8.64,19.0,34.7
Jameson Williams,WR,2022,12,1,Alabama,2,22.0,227.2,1,0,,21.0,31.0
Jahan Dotson,WR,2022,16,1,Penn St.,2,54.0,130.6,0,0,6.33,20.0,38.5
Treylon Burks,WR,2022,18,1,Arkansas,2,83.0,88.10000000000001,0,0,5.79,19.0,39.7
Christian Watson,WR,2022,34,2,North Dakota St.,2,42.0,164.10000000000002,0,0,9.96,19.0,80.0
Wan'Dale Robinson,WR,2022,43,2,Kentucky,2,39.0,182.7,0,0,7.36,21.0,45.5
John Metchie,WR,2022,44,2,Alabama,2,102.0,65.7,0,0,,20.0,22.5
Tyquan Thornton,WR,2022,50,2,Baylor,2,100.0,66.3,0,0,8.54,19.0,33.3
George Pickens,WR,2022,52,2,Georgia,2,28.0,218.3,0,0,9.35,19.0,23.3
Alec Pierce,WR,2022,53,2,Cincinnati,2,43.0,161.4,0,0,9.83,19.0,26.2
Skyy Moore,WR,2022,54,2,Western Michigan,2,104.0,62.8,0,0,7.58,19.0,39.2
Velus Jones Jr.,WR,2022,71,3,Tennessee,2,999.0,0.0,0,0,7.1,21.0,24.1
Jalen Tolbert,WR,2022,88,3,South Alabama,2,46.0,152.0,0,0,8.62,19.0,48.0
David Bell,WR,2022,99,3,Purdue,2,98.0,62.1,0,0,3.98,19.0,33.7
Danny Gray,WR,2022,105,3,SMU,2,204.0,2.9,0,0,6.76,21.0,22.0
Erik Ezukanma,WR,2022,125,4,Texas Tech,2,194.0,2.2,0,0,7.03,20.0,27.9
Romeo Doubs,WR,2022,132,4,Nevada,2,30.0,213.8,0,0,,19.0,34.5
Calvin Austin III,WR,2022,138,4,Memphis,2,102.0,60.4,0,0,9.05,20.0,32.1
Khalil Shakir,WR,2022,148,5,Boise St.,2,27.0,217.9,0,0,8.31,19.0,42.5
Montrell Washington,WR,2022,162,5,Samford,2,181.0,7.2,0,0,4.32,18.0,159.8
Kyle Philips,WR,2022,163,5,UCLA,2,138.0,33.1,0,0,8.31,19.0,27.2
Jalen Nailor,WR,2022,191,6,Michigan St.,2,74.0,111.3,0,0,8.09,20.0,30.8
Michael Woods II,WR,2022,202,6,Oklahoma,2,999.0,0.0,0,0,,,11.7
Bo Melton,WR,2022,229,7,Rutgers,2,110.0,56.5,0,0,9.23,19.0,35.8
Dareke Young,WR,2022,233,7,Lenoir-Rhyne,2,182.0,6.5,0,0,9.93,19.0,102.13
Samori Toure,WR,2022,258,7,Nebraska,2,151.0,19.2,0,0,6.14,21.0,28.1
Jaxon Smith-Njigba,WR,2023,20,1,Ohio St.,1,14.0,251.6,1,0,8.34,20.0,32.4
Quentin Johnston,WR,2023,21,1,TCU,1,41.0,174.70000000000002,0,0,8.68,19.0,27.2
Zay Flowers,WR,2023,22,1,Boston Col.,1,19.0,235.4,1,0,8.29,19.0,36.3
Jordan Addison,WR,2023,23,1,USC,1,24.0,221.3,1,0,5.94,21.0,18.6
Jonathan Mingo,WR,2023,39,2,Mississippi,1,82.0,84.8,0,0,9.87,21.0,27.6
Jayden Reed,WR,2023,50,2,Michigan St.,1,24.0,225.6,1,0,6.74,19.0,31.1
Rashee Rice,WR,2023,55,2,SMU,1,13.0,271.2,1,0,9.53,19.0,32.9
Marvin Mims,WR,2023,63,2,Oklahoma,1,58.0,132.8,0,0,,20.0,32.7
Tank Dell,WR,2023,69,3,Houston,1,41.0,165.0,0,0,,19.0,35.0
Jalin Hyatt,WR,2023,73,3,Tennessee,1,103.0,60.3,0,0,8.76,21.0,29.9
Cedric Tillman,WR,2023,74,3,Tennessee,1,93.0,80.4,0,0,8.67,20.0,32.3
Josh Downs,WR,2023,79,3,North Carolina,1,40.0,182.2,0,0,8.99,20.0,40.2
Michael Wilson,WR,2023,94,3,Stanford,1,63.0,124.5,0,0,9.55,18.0,21.5
Tre Tucker,WR,2023,100,3,Cincinnati,1,60.0,129.3,0,0,7.16,21.0,21.3
Derius Davis,WR,2023,125,4,TCU,1,121.0,41.2,0,0,4.29,,18.3
Charlie Jones,WR,2023,131,4,Purdue,1,166.0,14.7,0,0,,21.0,34.9
Tyler Scott,WR,2023,133,4,Cincinnati,1,135.0,35.900000000000006,0,0,8.61,21.0,28.5
Justin Shorter,WR,2023,150,5,Florida,1,999.0,0.0,0,0,7.94,,19.8
Dontayvion Wicks,WR,2023,159,5,Virginia,1,57.0,129.7,0,0,9.17,20.0,25.6
Puka Nacua,WR,2023,177,5,BYU,1,4.0,331.4,1,1,5.18,20.0,23.4
Parker Washington,WR,2023,185,6,Penn St.,1,86.0,91.0,0,0,,19.0,23.5
Kayshon Boutte,WR,2023,187,6,LSU,1,65.0,121.9,0,0,4.99,19.0,22.0
Trey Palmer,WR,2023,191,6,Nebraska,1,64.0,114.4,0,0,6.18,21.0,39.4
A.T. Perry,WR,2023,195,6,Wake Forest,1,101.0,60.6,0,0,9.62,20.0,30.0
Elijah Higgins,WR,2023,197,6,Stanford,1,999.0,0.0,0,0,8.94,21.0,23.1
Xavier Hutchinson,WR,2023,205,6,Iowa St.,1,123.0,37.3,0,0,7.27,19.0,37.3
Andrei Iosivas,WR,2023,206,6,Princeton,1,70.0,119.9,0,0,9.96,22.0,
DeMario Douglas,WR,2023,210,6,Liberty,1,999.0,0.0,0,0,,20.0,35.3
Antoine Green,WR,2023,219,7,North Carolina,1,200.0,1.2,0,0,8.68,21.0,18.4
Colton Dowell,WR,2023,228,7,UT Martin,1,199.0,1.3,0,0,9.78,22.0,39.62
Jalen Brooks,WR,2023,244,7,South Carolina,1,125.0,35.7,0,0,5.6,,14.9
Ronnie Bell,WR,2023,253,7,Michigan,1,143.0,30.8,0,0,8.2,18.0,28.9
Grant Dubose,WR,2023,256,7,Charlotte,1,999.0,0.0,0,0,,20.0,29.3
Marvin Harrison Jr.,WR,2024,4,1,Ohio St.,0,999.0,0.0,0,0,,20.0,34.6
Malik Nabers,WR,2024,6,1,LSU,0,8.0,273.6,1,1,9.67,20.0,35.6
Rome Odunze,WR,2024,9,1,Washington,0,49.0,144.9,0,0,9.92,20.0,31.8
Brian Thomas,WR,2024,23,1,LSU,0,5.0,284.0,1,1,,21.0,26.7
Xavier Worthy,WR,2024,28,1,Texas,0,12.0,253.7,1,1,9.41,19.0,36.3
Ricky Pearsall,WR,2024,31,1,Florida,0,82.0,93.5,0,0,9.91,20.0,31.4
Xavier Legette,WR,2024,32,1,South Carolina,0,63.0,125.1,0,0,9.9,21.0,37.6
Keon Coleman,WR,2024,33,2,Florida St.,0,71.0,118.7,0,0,8.18,,18.8
Ladd McConkey,WR,2024,34,2,Georgia,0,7.0,275.6,1,1,9.34,20.0,17.2
Ja'Lynn Polk,WR,2024,37,2,Washington,0,130.0,32.7,0,0,8.85,21.0,22.5
Adonai Mitchell,WR,2024,52,2,Texas,0,115.0,52.8,0,0,9.99,21.0,20.9
Malachi Corley,WR,2024,65,3,Western Kentucky,0,177.0,7.2,0,0,7.76,20.0,26.2
Jermaine Burton,WR,2024,80,3,Alabama,0,156.0,14.7,0,0,9.09,21.0,25.9
Roman Wilson,WR,2024,84,3,Michigan,0,999.0,0.0,0,0,8.59,21.0,24.6
Jalen McMillan,WR,2024,92,3,Washington,0,51.0,141.5,0,0,8.67,20.0,22.8
Luke McCaffrey,WR,2024,100,3,Rice,0,127.0,34.8,0,0,9.44,20.0,30.2
Troy Franklin,WR,2024,102,4,Oregon,0,92.0,80.5,0,0,9.02,20.0,28.5
Javon Baker,WR,2024,110,4,Central Florida,0,202.0,2.2,0,0,7.84,18.0,263.93
Devontez Walker,WR,2024,113,4,North Carolina,0,172.0,9.1,0,0,9.76,,18.0
Jacob Cowing,WR,2024,135,4,Arizona,0,165.0,12.7,0,0,6.28,20.0,26.9
Anthony Gould,WR,2024,142,5,Oregon St.,0,195.0,3.3000000000000003,0,0,8.87,21.0,22.8
Ainias Smith,WR,2024,152,5,Texas A&M,0,147.0,17.7,0,0,7.36,18.0,22.6
Jamari Thrash,WR,2024,156,5,Louisville,0,189.0,5.2,0,0,6.77,21.0,25.9
Bub Means,WR,2024,170,5,Pittsburgh,0,137.0,26.8,0,0,9.35,21.0,27.8
Jha'Quan Jackson,WR,2024,182,6,Tulane,0,213.0,1.3,0,0,5.34,18.0,20.1
Malik Washington,WR,2024,184,6,Virginia,0,111.0,56.8,0,0,8.63,21.0,47.4
Johnny Wilson,WR,2024,185,6,Florida St.,0,155.0,14.8,0,0,9.7,20.0,25.5
Casey Washington,WR,2024,187,6,Illinois,0,201.0,2.4000000000000004,0,0,7.15,21.0,21.0
Tejhaun Palmer,WR,2024,191,6,Ala-Birmingham,0,999.0,0.0,0,0,9.57,21.0,24.7
Jordan Whittington,WR,2024,213,6,Texas,0,113.0,54.7,0,0,,20.0,20.8
Ryan Flournoy,WR,2024,216,6,SE Missouri St.,0,146.0,18.200000000000003,0,0,9.89,20.0,
Brenden Rice,WR,2024,225,7,USC,0,999.0,0.0,0,0,7.17,21.0,18.3
Devaughn Vele,WR,2024,235,7,Utah,0,78.0,106.5,0,0,8.47,21.0,27.5
Tahj Washington,WR,2024,241,7,USC,0,999.0,0.0,0,0,5.13,20.0,24.5
Cornelius Johnson,WR,2024,253,7,Michigan,0,999.0,0.0,0,0,9.46,,19.6
